customer_id,name,customer_type,email,phone,address,city,province,registration_date
CUS0001,UD Karya Utama Mart,business,info@karyautama59.co.id,0411-8031780,Jl. Mangga No. 80,Semarang,Jawa Tengah,2021-04-25
CUS0002,UD Sinar Terang Niaga,business,info@sinarterang79.co.id,0274-5693260,Jl. Thamrin No. 190,Semarang,Jawa Tengah,2022-04-29
CUS0003,CV Cipta Karya Group,business,info@ciptakarya47.co.id,022-7162857,Jl. Kenanga No. 184,Semarang,Jawa Tengah,2021-03-20
CUS0004,CV Anugerah Mulia Group,business,info@anugerahmulia16.co.id,0361-2538024,Jl. Raya Bogor No. 109,Medan,Sumatera Utara,2020-05-04
CUS0005,Hadi Simatupang,individual,hadi.simatupang995@gmail.com,081532931839,Jl. Merdeka No. 120,Jakarta,DKI Jakarta,2023-08-07
CUS0006,PT Inti Makmur,business,info@intimakmur36.co.id,031-3180906,Jl. Kenanga No. 129,Surabaya,Jawa Timur,2021-11-03
CUS0007,Indah Manurung,individual,indah.manurung888@gmail.com,083053950240,Jl. Diponegoro No. 216,Denpasar,Bali,2020-12-23
CUS0008,Indah Nasution,individual,indah.nasution66@yahoo.com,088589178390,Jl. Pajajaran No. 267,Medan,Sumatera Utara,2022-12-13
CUS0009,CV Kencana Sari,business,info@kencanasari8.co.id,0361-7738019,Jl. Cendrawasih No. 56,Medan,Sumatera Utara,2021-09-09
CUS0010,Ratih Mahendra,individual,ratih.mahendra455@gmail.com,082592124998,Jl. Margonda No. 167,Jakarta,DKI Jakarta,2022-10-01
CUS0011,UD Nusantara Indah Trading,business,info@nusantaraindah59.co.id,0274-2663938,Jl. Margonda No. 59,Pekanbaru,Riau,2022-02-19
CUS0012,UD Putra Mandiri Group,business,info@putramandiri56.co.id,0361-4833486,Jl. Cendrawasih No. 174,Surabaya,Jawa Timur,2023-09-02
CUS0013,CV Tunas Harapan Indonesia,business,info@tunasharapan41.co.id,0274-6243275,Jl. Raya Bogor No. 131,Jakarta,DKI Jakarta,2022-07-17
CUS0014,Putri Manurung,individual,putri.manurung946@yahoo.com,082111615280,Jl. Mangga No. 288,Banjarmasin,Kalimantan Selatan,2022-02-05
CUS0015,CV Tirta Bening Indonesia,business,info@tirtabening53.co.id,0411-8095702,Jl. Pajajaran No. 27,Medan,Sumatera Utara,2023-02-24
CUS0016,UD Bintang Timur Logistic,business,info@bintangtimur14.co.id,024-3595941,Jl. Raya Bogor No. 247,Manado,Sulawesi Utara,2021-08-12
CUS0017,PT Rejeki Lancar Logistic,business,info@rejekilancar15.co.id,061-4794319,Jl. Cendrawasih No. 288,Jakarta,DKI Jakarta,2021-04-04
CUS0018,Yanti Simatupang,individual,yanti.simatupang692@outlook.com,089094024455,Jl. Sudirman No. 93,Denpasar,Bali,2024-04-20
CUS0019,Dani Manurung,individual,dani.manurung411@gmail.com,083018366752,Jl. Gajah Mada No. 160,Jakarta,DKI Jakarta,2020-10-20
CUS0020,CV Cendana Wangi Indonesia,business,info@cendanawangi7.co.id,031-3640899,Jl. Setiabudi No. 26,Jakarta,DKI Jakarta,2024-01-17
CUS0021,Rina Permana,individual,rina.permana454@outlook.com,087797643815,Jl. Cendrawasih No. 57,Jakarta,DKI Jakarta,2023-10-12
CUS0022,UD Tirta Bening Niaga,business,info@tirtabening68.co.id,061-1761976,Jl. Veteran No. 203,Bandung,Jawa Barat,2021-08-03
CUS0023,Dewi Pratama,individual,dewi.pratama210@yahoo.com,084244510762,Jl. Diponegoro No. 195,Medan,Sumatera Utara,2023-05-12
CUS0024,Ratih Nugroho,individual,ratih.nugroho513@outlook.com,086160607159,Jl. Cendrawasih No. 294,Manado,Sulawesi Utara,2022-12-26
CUS0025,UD Kencana Sari Mart,business,info@kencanasari38.co.id,022-7795314,Jl. Sudirman No. 167,Balikpapan,Kalimantan Timur,2022-04-08
CUS0026,Yanti Yuliana,individual,yanti.yuliana852@outlook.com,086161369681,Jl. Imam Bonjol No. 159,Surabaya,Jawa Timur,2020-12-17
CUS0027,CV Jaya Makmur Logistic,business,info@jayamakmur22.co.id,022-9564488,Jl. Kebon Jeruk No. 59,Surabaya,Jawa Timur,2024-03-07
CUS0028,UD Mitra Sejati Logistic,business,info@mitrasejati45.co.id,031-4963933,Jl. Asia Afrika No. 75,Manado,Sulawesi Utara,2022-12-22
CUS0029,PT Berkah Sejahtera Sentosa,business,info@berkahsejahtera98.co.id,022-3972018,Jl. Setiabudi No. 253,Surabaya,Jawa Timur,2021-06-08
CUS0030,UD Cendana Wangi Niaga,business,info@cendanawangi88.co.id,0411-6303930,Jl. Diponegoro No. 226,Medan,Sumatera Utara,2022-08-08
CUS0031,CV Cipta Karya Trading,business,info@ciptakarya36.co.id,021-6904610,Jl. Anggrek No. 38,Makassar,Sulawesi Selatan,2020-05-19
CUS0032,Linda Yuliana,individual,linda.yuliana39@gmail.com,086411998679,Jl. Kenanga No. 22,Jakarta,DKI Jakarta,2021-09-27
CUS0033,UD Kencana Sari Group,business,info@kencanasari42.co.id,0361-9411547,Jl. Diponegoro No. 32,Pekanbaru,Riau,2022-07-10
CUS0034,Bayu Sembiring,individual,bayu.sembiring921@yahoo.com,082820377889,Jl. Pahlawan No. 187,Surabaya,Jawa Timur,2022-07-11
CUS0035,Eko Putri,individual,eko.putri419@yahoo.com,081515186449,Jl. Diponegoro No. 171,Jakarta,DKI Jakarta,2022-02-02
CUS0036,UD Tirta Bening Sentosa,business,info@tirtabening45.co.id,061-7575963,Jl. Diponegoro No. 44,Medan,Sumatera Utara,2020-06-15
CUS0037,UD Mandiri Sentosa Logistic,business,info@mandirisentosa17.co.id,022-8103580,Jl. Anggrek No. 186,Jakarta,DKI Jakarta,2021-09-26
CUS0038,CV Bintang Timur Sentosa,business,info@bintangtimur28.co.id,0411-9158272,Jl. Merdeka No. 116,Makassar,Sulawesi Selatan,2020-02-07
CUS0039,Putri Saputra,individual,putri.saputra303@gmail.com,089880592962,Jl. Pahlawan No. 93,Denpasar,Bali,2020-10-08
CUS0040,Vina Simatupang,individual,vina.simatupang829@gmail.com,088065379473,Jl. Kenanga No. 123,Surabaya,Jawa Timur,2023-11-19
CUS0041,CV Putra Mandiri Group,business,info@putramandiri48.co.id,0361-8745704,Jl. Setiabudi No. 145,Surabaya,Jawa Timur,2021-09-25
CUS0042,CV Nusantara Indah Mart,business,info@nusantaraindah21.co.id,024-3321942,Jl. Ahmad Yani No. 27,Jakarta,DKI Jakarta,2024-05-12
CUS0043,CV Permata Hijau Logistic,business,info@permatahijau71.co.id,022-9655523,Jl. Asia Afrika No. 146,Makassar,Sulawesi Selatan,2023-08-06
CUS0044,PT Anugerah Mulia Niaga,business,info@anugerahmulia66.co.id,031-8339571,Jl. Gatot Subroto No. 114,Surabaya,Jawa Timur,2020-06-20
CUS0045,Adi Mahendra,individual,adi.mahendra28@yahoo.com,081685361530,Jl. Hayam Wuruk No. 51,Yogyakarta,DI Yogyakarta,2022-07-12
CUS0046,UD Surya Gemilang Sentosa,business,info@suryagemilang18.co.id,021-5813037,Jl. Melati No. 72,Makassar,Sulawesi Selatan,2024-01-03
CUS0047,UD Prima Sukses Niaga,business,info@primasukses79.co.id,021-2329187,Jl. Sudirman No. 132,Bandung,Jawa Barat,2024-04-03
CUS0048,PT Garuda Mas Mart,business,info@garudamas15.co.id,061-4986941,Jl. Pemuda No. 63,Semarang,Jawa Tengah,2021-03-17
CUS0049,PT Tunas Harapan Niaga,business,info@tunasharapan9.co.id,022-9385742,Jl. Cempaka No. 275,Surabaya,Jawa Timur,2020-04-07
CUS0050,UD Nusantara Indah Group,business,info@nusantaraindah92.co.id,031-5886733,Jl. Cendrawasih No. 1,Jakarta,DKI Jakarta,2020-02-03
CUS0051,CV Jaya Makmur Mart,business,info@jayamakmur24.co.id,022-9782613,Jl. Gajah Mada No. 35,Surabaya,Jawa Timur,2023-06-13
CUS0052,Iwan Firmansyah,individual,iwan.firmansyah806@outlook.com,089067065405,Jl. Gatot Subroto No. 177,Makassar,Sulawesi Selatan,2022-12-13
CUS0053,Doni Manurung,individual,doni.manurung644@gmail.com,086205852772,Jl. Diponegoro No. 33,Surabaya,Jawa Timur,2021-05-08
CUS0054,Vina Yuliana,individual,vina.yuliana38@yahoo.com,084030548687,Jl. Ahmad Yani No. 19,Yogyakarta,DI Yogyakarta,2024-01-06
CUS0055,Lina Kusuma,individual,lina.kusuma293@yahoo.com,081541566765,Jl. Pahlawan No. 255,Surabaya,Jawa Timur,2024-03-22
CUS0056,Wulan Rahmawati,individual,wulan.rahmawati947@outlook.com,085161692845,Jl. Asia Afrika No. 41,Denpasar,Bali,2023-11-18
CUS0057,UD Bintang Timur Trading,business,info@bintangtimur58.co.id,0274-3795835,Jl. Margonda No. 228,Bandung,Jawa Barat,2021-11-02
CUS0058,CV Sukses Mandiri Logistic,business,info@suksesmandiri79.co.id,0274-5606274,Jl. Kebon Jeruk No. 30,Bandung,Jawa Barat,2021-12-20
CUS0059,UD Kencana Sari Mart,business,info@kencanasari47.co.id,031-1522452,Jl. Diponegoro No. 225,Medan,Sumatera Utara,2020-06-02
CUS0060,Dimas Saputra,individual,dimas.saputra242@outlook.com,086569092755,Jl. Mawar No. 40,Jakarta,DKI Jakarta,2020-03-12
CUS0061,PT Nusantara Indah Logistic,business,info@nusantaraindah51.co.id,0411-5675638,Jl. Veteran No. 59,Solo,Jawa Tengah,2023-03-21
CUS0062,Mira Setiawan,individual,mira.setiawan512@outlook.com,087814473947,Jl. Merdeka No. 63,Semarang,Jawa Tengah,2020-02-23
CUS0063,Andi Yuliana,individual,andi.yuliana177@outlook.com,088155188442,Jl. Margonda No. 90,Jakarta,DKI Jakarta,2020-10-04
CUS0064,UD Jaya Makmur Indonesia,business,info@jayamakmur26.co.id,031-4971774,Jl. Melati No. 14,Surabaya,Jawa Timur,2022-01-10
CUS0065,Tika Tanjung,individual,tika.tanjung378@yahoo.com,089291146786,Jl. Setiabudi No. 210,Bekasi,Jawa Barat,2022-01-09
CUS0066,Andi Santoso,individual,andi.santoso996@yahoo.com,082778528922,Jl. Cendrawasih No. 258,Semarang,Jawa Tengah,2023-03-23
CUS0067,Indah Firmansyah,individual,indah.firmansyah157@yahoo.com,083253584143,Jl. Kebon Jeruk No. 283,Bandung,Jawa Barat,2020-04-23
CUS0068,PT Kencana Sari Trading,business,info@kencanasari79.co.id,022-9431778,Jl. Kebon Jeruk No. 87,Bandung,Jawa Barat,2021-07-16
CUS0069,Fitri Santoso,individual,fitri.santoso176@outlook.com,086900109439,Jl. Cendrawasih No. 16,Makassar,Sulawesi Selatan,2023-04-27
CUS0070,UD Garuda Mas Trading,business,info@garudamas83.co.id,061-9102469,Jl. Veteran No. 208,Bogor,Jawa Barat,2022-10-16
CUS0071,CV Cahaya Abadi,business,info@cahayaabadi21.co.id,0361-7972975,Jl. Melati No. 238,Jakarta,DKI Jakarta,2021-09-01
CUS0072,Mega Simatupang,individual,mega.simatupang148@yahoo.com,086562588153,Jl. Mawar No. 63,Surabaya,Jawa Timur,2021-02-21
CUS0073,Surya Nugroho,individual,surya.nugroho145@gmail.com,081469632595,Jl. Merdeka No. 82,Pontianak,Kalimantan Barat,2021-07-01
CUS0074,UD Cipta Karya Niaga,business,info@ciptakarya40.co.id,0361-1388833,Jl. Gatot Subroto No. 202,Semarang,Jawa Tengah,2022-10-17
CUS0075,CV Jaya Makmur Group,business,info@jayamakmur75.co.id,0411-1816348,Jl. Thamrin No. 145,Balikpapan,Kalimantan Timur,2022-11-01
CUS0076,UD Putra Mandiri Niaga,business,info@putramandiri37.co.id,021-2803501,Jl. Cendrawasih No. 69,Jakarta,DKI Jakarta,2022-10-10
CUS0077,UD Rejeki Lancar Mart,business,info@rejekilancar47.co.id,021-7720644,Jl. Thamrin No. 292,Bandung,Jawa Barat,2021-06-25
CUS0078,PT Rejeki Lancar Trading,business,info@rejekilancar10.co.id,0274-9460003,Jl. Mawar No. 282,Jakarta,DKI Jakarta,2023-02-24
CUS0079,Yanti Manurung,individual,yanti.manurung626@gmail.com,083165585239,Jl. Anggrek No. 206,Surabaya,Jawa Timur,2021-07-26
CUS0080,PT Sukses Mandiri,business,info@suksesmandiri18.co.id,0411-8948107,Jl. Anggrek No. 234,Bandung,Jawa Barat,2022-10-21
CUS0081,Ramli Pranata,individual,ramli.pranata528@gmail.com,086952694958,Jl. Anggrek No. 273,Padang,Sumatera Barat,2020-11-01
CUS0082,Ratih Tanjung,individual,ratih.tanjung307@yahoo.com,081551694097,Jl. Ahmad Yani No. 297,Jakarta,DKI Jakarta,2022-09-30
CUS0083,Hendra Nasution,individual,hendra.nasution53@outlook.com,088289623091,Jl. Merdeka No. 10,Surabaya,Jawa Timur,2023-03-28
CUS0084,Joko Sari,individual,joko.sari156@yahoo.com,084689702838,Jl. Hayam Wuruk No. 245,Jakarta,DKI Jakarta,2022-06-22
CUS0085,Bambang Suryadi,individual,bambang.suryadi980@gmail.com,088858549733,Jl. Ahmad Yani No. 286,Medan,Sumatera Utara,2022-12-12
CUS0086,PT Bintang Timur Trading,business,info@bintangtimur91.co.id,024-9204110,Jl. Hayam Wuruk No. 246,Pontianak,Kalimantan Barat,2021-09-03
CUS0087,Tika Mahendra,individual,tika.mahendra957@outlook.com,085419866524,Jl. Thamrin No. 148,Balikpapan,Kalimantan Timur,2021-12-15
CUS0088,PT Rejeki Lancar Niaga,business,info@rejekilancar84.co.id,061-9037616,Jl. Merdeka No. 104,Surabaya,Jawa Timur,2024-01-02
CUS0089,CV Aneka Niaga Trading,business,info@anekaniaga18.co.id,022-5014486,Jl. Veteran No. 26,Jakarta,DKI Jakarta,2023-01-08
CUS0090,Ayu Nugroho,individual,ayu.nugroho654@gmail.com,081165712082,Jl. Cendrawasih No. 244,Pontianak,Kalimantan Barat,2023-10-03
CUS0091,UD Mitra Sejati Trading,business,info@mitrasejati42.co.id,061-1992583,Jl. Setiabudi No. 46,Jakarta,DKI Jakarta,2022-09-04
CUS0092,Dani Nugroho,individual,dani.nugroho548@outlook.com,081262067240,Jl. Sudirman No. 153,Jakarta,DKI Jakarta,2023-08-28
CUS0093,Ramli Hartono,individual,ramli.hartono951@yahoo.com,085788728743,Jl. Asia Afrika No. 170,Balikpapan,Kalimantan Timur,2023-03-09
CUS0094,UD Cipta Karya Trading,business,info@ciptakarya92.co.id,031-1236293,Jl. Pajajaran No. 173,Bogor,Jawa Barat,2020-11-28
CUS0095,Dani Manurung,individual,dani.manurung776@gmail.com,083966851612,Jl. Diponegoro No. 245,Jakarta,DKI Jakarta,2021-08-27
CUS0096,PT Maju Jaya Trading,business,info@majujaya50.co.id,024-8494978,Jl. Setiabudi No. 137,Semarang,Jawa Tengah,2021-10-24
CUS0097,Nia Tanjung,individual,nia.tanjung741@outlook.com,081453017426,Jl. Raya Bogor No. 258,Bandung,Jawa Barat,2021-11-06
CUS0098,Vina Hidayat,individual,vina.hidayat707@gmail.com,085593327279,Jl. Gajah Mada No. 213,Jakarta,DKI Jakarta,2023-12-11
CUS0099,UD Aneka Niaga Niaga,business,info@anekaniaga97.co.id,024-5151780,Jl. Raya Bogor No. 42,Jakarta,DKI Jakarta,2023-12-08
CUS0100,CV Nusantara Indah Logistic,business,info@nusantaraindah10.co.id,022-2036128,Jl. Kenanga No. 259,Balikpapan,Kalimantan Timur,2022-12-12
CUS0101,UD Garuda Mas Sentosa,business,info@garudamas22.co.id,0411-9729882,Jl. Mawar No. 60,Denpasar,Bali,2021-02-18
CUS0102,PT Citra Mandiri Niaga,business,info@citramandiri12.co.id,0361-1933413,Jl. Mawar No. 68,Jakarta,DKI Jakarta,2023-10-25
CUS0103,CV Cipta Karya,business,info@ciptakarya72.co.id,0361-6170227,Jl. Pajajaran No. 12,Bandung,Jawa Barat,2022-11-17
CUS0104,CV Karya Bersama,business,info@karyabersama96.co.id,024-2225232,Jl. Thamrin No. 217,Jakarta,DKI Jakarta,2022-03-21
CUS0105,UD Cahaya Abadi,business,info@cahayaabadi9.co.id,0361-1532422,Jl. Pemuda No. 210,Makassar,Sulawesi Selatan,2021-12-06
CUS0106,PT Cendana Wangi Mart,business,info@cendanawangi48.co.id,0274-8525204,Jl. Imam Bonjol No. 193,Bandung,Jawa Barat,2021-01-03
CUS0107,Wati Manurung,individual,wati.manurung896@outlook.com,083512868230,Jl. Setiabudi No. 12,Semarang,Jawa Tengah,2020-06-13
CUS0108,CV Tirta Bening Mart,business,info@tirtabening69.co.id,0274-4853123,Jl. Veteran No. 236,Manado,Sulawesi Utara,2021-09-03
CUS0109,PT Anugerah Mulia Group,business,info@anugerahmulia93.co.id,022-1540516,Jl. Raya Bogor No. 215,Semarang,Jawa Tengah,2021-12-09
CUS0110,PT Jaya Makmur Group,business,info@jayamakmur9.co.id,022-1563316,Jl. Mawar No. 25,Jakarta,DKI Jakarta,2023-06-13
CUS0111,UD Sukses Mandiri Mart,business,info@suksesmandiri57.co.id,024-4645172,Jl. Setiabudi No. 29,Jakarta,DKI Jakarta,2021-05-16
CUS0112,UD Bintang Timur Group,business,info@bintangtimur94.co.id,0411-6379867,Jl. Veteran No. 155,Banjarmasin,Kalimantan Selatan,2020-10-13
CUS0113,UD Nusantara Indah Group,business,info@nusantaraindah53.co.id,061-5616316,Jl. Thamrin No. 286,Medan,Sumatera Utara,2020-10-20
CUS0114,UD Aneka Niaga Sentosa,business,info@anekaniaga81.co.id,0274-9315137,Jl. Thamrin No. 177,Surabaya,Jawa Timur,2023-04-26
CUS0115,UD Mandiri Sentosa Logistic,business,info@mandirisentosa90.co.id,0274-7849452,Jl. Diponegoro No. 154,Banjarmasin,Kalimantan Selatan,2023-08-10
CUS0116,PT Cendana Wangi Niaga,business,info@cendanawangi31.co.id,024-6045519,Jl. Margonda No. 74,Bandung,Jawa Barat,2022-02-09
CUS0117,Dewi Halim,individual,dewi.halim423@yahoo.com,089826343517,Jl. Gajah Mada No. 48,Palembang,Sumatera Selatan,2022-08-06
CUS0118,Doni Pangestu,individual,doni.pangestu196@gmail.com,085699013983,Jl. Melati No. 107,Palembang,Sumatera Selatan,2023-01-01
CUS0119,CV Aneka Niaga,business,info@anekaniaga28.co.id,024-2968239,Jl. Pajajaran No. 246,Pekanbaru,Riau,2021-11-12
CUS0120,UD Mega Persada Group,business,info@megapersada51.co.id,024-6395804,Jl. Setiabudi No. 145,Pontianak,Kalimantan Barat,2021-05-11
CUS0121,CV Garuda Mas Logistic,business,info@garudamas40.co.id,061-7033835,Jl. Anggrek No. 255,Jakarta,DKI Jakarta,2022-02-18
CUS0122,PT Inti Makmur Niaga,business,info@intimakmur98.co.id,0411-4407913,Jl. Gajah Mada No. 161,Balikpapan,Kalimantan Timur,2022-08-12
CUS0123,PT Sejahtera Abadi Group,business,info@sejahteraabadi95.co.id,031-1272124,Jl. Ahmad Yani No. 284,Jakarta,DKI Jakarta,2022-04-27
CUS0124,UD Bumi Persada Mart,business,info@bumipersada38.co.id,031-4291551,Jl. Hayam Wuruk No. 118,Malang,Jawa Timur,2023-04-11
CUS0125,UD Karya Bersama Group,business,info@karyabersama64.co.id,0411-5317226,Jl. Setiabudi No. 251,Jakarta,DKI Jakarta,2022-02-16
CUS0126,UD Bumi Persada Niaga,business,info@bumipersada59.co.id,031-6908535,Jl. Pahlawan No. 72,Pontianak,Kalimantan Barat,2024-01-21
CUS0127,UD Prima Sukses Sentosa,business,info@primasukses70.co.id,021-9790328,Jl. Thamrin No. 39,Jakarta,DKI Jakarta,2024-01-15
CUS0128,PT Cendana Wangi,business,info@cendanawangi53.co.id,031-4882808,Jl. Gatot Subroto No. 78,Surabaya,Jawa Timur,2023-09-30
CUS0129,PT Nusantara Indah Niaga,business,info@nusantaraindah48.co.id,021-9106820,Jl. Raya Bogor No. 250,Medan,Sumatera Utara,2020-01-19
CUS0130,Budi Halim,individual,budi.halim565@yahoo.com,081084840862,Jl. Asia Afrika No. 50,Yogyakarta,DI Yogyakarta,2020-02-02
CUS0131,PT Jaya Makmur Group,business,info@jayamakmur80.co.id,061-6946534,Jl. Ahmad Yani No. 204,Makassar,Sulawesi Selatan,2022-12-09
CUS0132,CV Mandiri Sentosa Niaga,business,info@mandirisentosa73.co.id,024-4789255,Jl. Pemuda No. 42,Surabaya,Jawa Timur,2020-06-10
CUS0133,UD Cendana Wangi,business,info@cendanawangi12.co.id,0274-7362994,Jl. Imam Bonjol No. 283,Surabaya,Jawa Timur,2023-08-31
CUS0134,PT Kencana Sari,business,info@kencanasari90.co.id,031-2387242,Jl. Melati No. 223,Jakarta,DKI Jakarta,2022-09-01
CUS0135,Mega Tanjung,individual,mega.tanjung879@gmail.com,089033974014,Jl. Kenanga No. 289,Bandung,Jawa Barat,2023-08-13
CUS0136,PT Berkah Sejahtera Logistic,business,info@berkahsejahtera3.co.id,024-3419132,Jl. Setiabudi No. 204,Jakarta,DKI Jakarta,2023-09-09
CUS0137,CV Berkah Sejahtera Group,business,info@berkahsejahtera73.co.id,0274-6565503,Jl. Imam Bonjol No. 72,Jakarta,DKI Jakarta,2020-06-06
CUS0138,Doni Saputra,individual,doni.saputra513@outlook.com,086016315999,Jl. Imam Bonjol No. 168,Bandung,Jawa Barat,2023-11-12
CUS0139,Hadi Permana,individual,hadi.permana803@yahoo.com,088358662961,Jl. Setiabudi No. 152,Jakarta,DKI Jakarta,2020-03-01
CUS0140,UD Cahaya Abadi Indonesia,business,info@cahayaabadi35.co.id,031-7375341,Jl. Margonda No. 79,Malang,Jawa Timur,2021-05-19
CUS0141,Bambang Suryadi,individual,bambang.suryadi370@gmail.com,082047541212,Jl. Cendrawasih No. 230,Makassar,Sulawesi Selatan,2024-02-23
CUS0142,Tika Firmansyah,individual,tika.firmansyah418@gmail.com,081158199560,Jl. Pemuda No. 212,Semarang,Jawa Tengah,2023-02-14
CUS0143,Vina Saputra,individual,vina.saputra743@outlook.com,084982622444,Jl. Melati No. 75,Bogor,Jawa Barat,2022-03-05
CUS0144,PT Tunas Harapan Trading,business,info@tunasharapan54.co.id,061-9124053,Jl. Gatot Subroto No. 185,Semarang,Jawa Tengah,2020-05-09
CUS0145,Maya Nasution,individual,maya.nasution641@yahoo.com,084712406596,Jl. Hayam Wuruk No. 226,Bandung,Jawa Barat,2021-05-30
CUS0146,CV Karya Bersama Sentosa,business,info@karyabersama39.co.id,0411-4369728,Jl. Melati No. 161,Makassar,Sulawesi Selatan,2021-11-16
CUS0147,Ratna Suryadi,individual,ratna.suryadi299@outlook.com,088935646519,Jl. Merdeka No. 280,Makassar,Sulawesi Selatan,2020-12-29
CUS0148,UD Cendana Wangi,business,info@cendanawangi94.co.id,0361-4517316,Jl. Mawar No. 150,Surabaya,Jawa Timur,2021-01-03
CUS0149,PT Karya Bersama Mart,business,info@karyabersama87.co.id,0361-3335038,Jl. Kebon Jeruk No. 156,Bandung,Jawa Barat,2023-11-19
CUS0150,Wahyu Manurung,individual,wahyu.manurung158@outlook.com,087617979688,Jl. Margonda No. 215,Jakarta,DKI Jakarta,2021-05-10
CUS0151,PT Inti Makmur Logistic,business,info@intimakmur90.co.id,022-2834914,Jl. Setiabudi No. 128,Bandung,Jawa Barat,2023-01-18
CUS0152,Galih Rahmawati,individual,galih.rahmawati171@outlook.com,081965610143,Jl. Anggrek No. 266,Semarang,Jawa Tengah,2023-09-08
CUS0153,UD Citra Mandiri Group,business,info@citramandiri58.co.id,0411-7562142,Jl. Mawar No. 257,Tangerang,Banten,2023-02-16
CUS0154,CV Maju Jaya Niaga,business,info@majujaya14.co.id,061-7978909,Jl. Gatot Subroto No. 60,Jakarta,DKI Jakarta,2020-11-04
CUS0155,Putri Rahmawati,individual,putri.rahmawati320@yahoo.com,088387571775,Jl. Gatot Subroto No. 154,Manado,Sulawesi Utara,2024-02-04
CUS0156,Ratih Hartono,individual,ratih.hartono24@yahoo.com,082238282586,Jl. Mawar No. 119,Jakarta,DKI Jakarta,2020-04-01
CUS0157,UD Berkah Sejahtera Sentosa,business,info@berkahsejahtera82.co.id,0274-7636771,Jl. Sudirman No. 102,Medan,Sumatera Utara,2022-04-09
CUS0158,UD Tunas Harapan Mart,business,info@tunasharapan1.co.id,024-4452490,Jl. Ahmad Yani No. 33,Bogor,Jawa Barat,2022-07-09
CUS0159,PT Inti Makmur Sentosa,business,info@intimakmur47.co.id,0411-4306357,Jl. Mawar No. 59,Semarang,Jawa Tengah,2023-03-28
CUS0160,UD Permata Hijau Niaga,business,info@permatahijau68.co.id,0411-7520284,Jl. Cempaka No. 201,Denpasar,Bali,2021-06-21
CUS0161,PT Rejeki Lancar Logistic,business,info@rejekilancar59.co.id,031-5990296,Jl. Cempaka No. 44,Solo,Jawa Tengah,2023-04-17
CUS0162,Dimas Suryadi,individual,dimas.suryadi121@gmail.com,085125286692,Jl. Mangga No. 197,Jakarta,DKI Jakarta,2023-10-08
CUS0163,PT Prima Sukses Sentosa,business,info@primasukses72.co.id,031-9214830,Jl. Pemuda No. 72,Padang,Sumatera Barat,2022-05-16
CUS0164,CV Karya Bersama Niaga,business,info@karyabersama80.co.id,021-7023677,Jl. Sudirman No. 249,Surabaya,Jawa Timur,2021-01-18
CUS0165,PT Karya Bersama Mart,business,info@karyabersama72.co.id,0361-7864135,Jl. Raya Bogor No. 252,Surabaya,Jawa Timur,2020-10-06
CUS0166,UD Karya Bersama Niaga,business,info@karyabersama63.co.id,031-2386982,Jl. Mangga No. 16,Tangerang,Banten,2022-05-01
CUS0167,PT Bintang Timur,business,info@bintangtimur36.co.id,024-5843084,Jl. Pahlawan No. 235,Bogor,Jawa Barat,2024-04-07
CUS0168,Mira Hutapea,individual,mira.hutapea785@yahoo.com,089819148580,Jl. Setiabudi No. 226,Palembang,Sumatera Selatan,2023-03-04
CUS0169,PT Tunas Harapan Indonesia,business,info@tunasharapan95.co.id,024-5994727,Jl. Thamrin No. 231,Jakarta,DKI Jakarta,2023-01-23
CUS0170,CV Permata Hijau Indonesia,business,info@permatahijau57.co.id,022-4975295,Jl. Merdeka No. 180,Medan,Sumatera Utara,2021-06-22
CUS0171,UD Kencana Sari Mart,business,info@kencanasari22.co.id,031-4466502,Jl. Merdeka No. 31,Bandung,Jawa Barat,2023-12-26
CUS0172,CV Garuda Mas Trading,business,info@garudamas77.co.id,031-6430006,Jl. Margonda No. 150,Semarang,Jawa Tengah,2023-03-13
CUS0173,UD Anugerah Mulia Indonesia,business,info@anugerahmulia18.co.id,0274-1994652,Jl. Ahmad Yani No. 65,Surabaya,Jawa Timur,2021-08-15
CUS0174,Dimas Nugroho,individual,dimas.nugroho150@outlook.com,086367294667,Jl. Gatot Subroto No. 48,Surabaya,Jawa Timur,2023-12-07
CUS0175,UD Bumi Persada Trading,business,info@bumipersada89.co.id,0411-8628527,Jl. Melati No. 168,Balikpapan,Kalimantan Timur,2022-04-05
CUS0176,PT Permata Hijau Indonesia,business,info@permatahijau94.co.id,0361-7009980,Jl. Gatot Subroto No. 274,Jakarta,DKI Jakarta,2023-04-06
CUS0177,PT Tunas Harapan Group,business,info@tunasharapan64.co.id,061-6416778,Jl. Pemuda No. 173,Medan,Sumatera Utara,2022-03-25
CUS0178,Dani Santoso,individual,dani.santoso580@yahoo.com,086001701277,Jl. Sudirman No. 220,Surabaya,Jawa Timur,2023-01-25
CUS0179,UD Aneka Niaga Sentosa,business,info@anekaniaga84.co.id,061-3667199,Jl. Ahmad Yani No. 48,Bandung,Jawa Barat,2021-02-18
CUS0180,CV Anugerah Mulia Indonesia,business,info@anugerahmulia48.co.id,031-1868846,Jl. Imam Bonjol No. 157,Semarang,Jawa Tengah,2023-09-02
CUS0181,UD Cendana Wangi Group,business,info@cendanawangi55.co.id,022-2596917,Jl. Sudirman No. 110,Semarang,Jawa Tengah,2024-01-26
CUS0182,Andi Santoso,individual,andi.santoso608@gmail.com,089700516271,Jl. Veteran No. 197,Makassar,Sulawesi Selatan,2022-09-03
CUS0183,UD Inti Makmur Indonesia,business,info@intimakmur14.co.id,0411-7166661,Jl. Pemuda No. 71,Jakarta,DKI Jakarta,2020-07-01
CUS0184,PT Kencana Sari Sentosa,business,info@kencanasari9.co.id,021-3753418,Jl. Mawar No. 180,Surabaya,Jawa Timur,2022-02-22
CUS0185,PT Kencana Sari Sentosa,business,info@kencanasari53.co.id,0361-4644760,Jl. Gatot Subroto No. 52,Surabaya,Jawa Timur,2024-01-19
CUS0186,PT Sejahtera Abadi Mart,business,info@sejahteraabadi45.co.id,0274-6276495,Jl. Diponegoro No. 127,Jakarta,DKI Jakarta,2020-10-13
CUS0187,UD Cahaya Abadi Group,business,info@cahayaabadi71.co.id,061-1450038,Jl. Raya Bogor No. 155,Bandung,Jawa Barat,2021-07-21
CUS0188,Ayu Simatupang,individual,ayu.simatupang522@gmail.com,087403761379,Jl. Gatot Subroto No. 271,Jakarta,DKI Jakarta,2021-02-24
CUS0189,CV Aneka Niaga Logistic,business,info@anekaniaga17.co.id,0274-8060918,Jl. Gajah Mada No. 280,Medan,Sumatera Utara,2020-01-25
CUS0190,PT Cendana Wangi Niaga,business,info@cendanawangi99.co.id,022-1280001,Jl. Mangga No. 35,Makassar,Sulawesi Selatan,2023-10-30
CUS0191,CV Mitra Sejati,business,info@mitrasejati8.co.id,0274-9499515,Jl. Pemuda No. 257,Jakarta,DKI Jakarta,2020-01-29
CUS0192,CV Tunas Harapan Mart,business,info@tunasharapan11.co.id,031-5655136,Jl. Gatot Subroto No. 159,Surabaya,Jawa Timur,2024-04-20
CUS0193,UD Aneka Niaga Group,business,info@anekaniaga20.co.id,0411-7555386,Jl. Mangga No. 34,Bekasi,Jawa Barat,2020-06-10
CUS0194,UD Tunas Harapan Group,business,info@tunasharapan8.co.id,024-2446410,Jl. Cendrawasih No. 60,Makassar,Sulawesi Selatan,2021-09-27
CUS0195,Yanti Simatupang,individual,yanti.simatupang57@yahoo.com,083102027588,Jl. Pajajaran No. 133,Medan,Sumatera Utara,2022-07-17
CUS0196,CV Karya Utama Trading,business,info@karyautama94.co.id,022-1492516,Jl. Hayam Wuruk No. 220,Bandung,Jawa Barat,2020-12-07
CUS0197,UD Cahaya Abadi Trading,business,info@cahayaabadi92.co.id,022-9323974,Jl. Mawar No. 262,Padang,Sumatera Barat,2021-07-11
CUS0198,Dewi Maulana,individual,dewi.maulana880@outlook.com,083524191380,Jl. Thamrin No. 7,Bekasi,Jawa Barat,2022-01-07
CUS0199,PT Prima Sukses Logistic,business,info@primasukses50.co.id,031-4002466,Jl. Thamrin No. 284,Semarang,Jawa Tengah,2021-05-15
CUS0200,UD Kencana Sari Mart,business,info@kencanasari29.co.id,0411-5165165,Jl. Cendrawasih No. 164,Semarang,Jawa Tengah,2024-01-02
CUS0201,PT Sejahtera Abadi Logistic,business,info@sejahteraabadi16.co.id,021-4008898,Jl. Veteran No. 265,Medan,Sumatera Utara,2021-07-09
CUS0202,CV Cahaya Abadi Niaga,business,info@cahayaabadi37.co.id,061-6491198,Jl. Gatot Subroto No. 284,Jakarta,DKI Jakarta,2020-04-04
CUS0203,PT Rejeki Lancar Group,business,info@rejekilancar38.co.id,061-5069884,Jl. Mawar No. 189,Medan,Sumatera Utara,2022-07-24
CUS0204,CV Cendana Wangi Group,business,info@cendanawangi94.co.id,024-3526084,Jl. Sudirman No. 210,Yogyakarta,DI Yogyakarta,2023-04-26
CUS0205,PT Garuda Mas Logistic,business,info@garudamas82.co.id,021-6620658,Jl. Sudirman No. 193,Padang,Sumatera Barat,2020-02-18
CUS0206,UD Bintang Timur Indonesia,business,info@bintangtimur27.co.id,024-8043341,Jl. Melati No. 31,Medan,Sumatera Utara,2024-02-20
CUS0207,UD Anugerah Mulia Indonesia,business,info@anugerahmulia6.co.id,024-9720112,Jl. Cendrawasih No. 191,Jakarta,DKI Jakarta,2020-10-18
CUS0208,Mira Saputra,individual,mira.saputra595@gmail.com,089261990623,Jl. Pemuda No. 134,Medan,Sumatera Utara,2022-07-27
CUS0209,Ratna Lubis,individual,ratna.lubis852@outlook.com,086574313291,Jl. Diponegoro No. 55,Surabaya,Jawa Timur,2021-10-07
CUS0210,CV Cipta Karya Logistic,business,info@ciptakarya53.co.id,022-9991321,Jl. Gajah Mada No. 107,Makassar,Sulawesi Selatan,2020-12-02
CUS0211,CV Cipta Karya Trading,business,info@ciptakarya16.co.id,022-3644347,Jl. Raya Bogor No. 156,Makassar,Sulawesi Selatan,2022-07-14
CUS0212,UD Mega Persada,business,info@megapersada28.co.id,0411-3488460,Jl. Gatot Subroto No. 128,Palembang,Sumatera Selatan,2023-12-14
CUS0213,Ratna Firmansyah,individual,ratna.firmansyah51@outlook.com,085420678831,Jl. Mawar No. 53,Surabaya,Jawa Timur,2021-12-29
CUS0214,PT Maju Jaya,business,info@majujaya29.co.id,031-4324120,Jl. Imam Bonjol No. 191,Pekanbaru,Riau,2020-10-13
CUS0215,Hadi Siregar,individual,hadi.siregar87@outlook.com,085101372151,Jl. Thamrin No. 237,Medan,Sumatera Utara,2023-11-06
CUS0216,PT Aneka Niaga Mart,business,info@anekaniaga93.co.id,0274-9323619,Jl. Sudirman No. 196,Jakarta,DKI Jakarta,2020-04-13
CUS0217,CV Berkah Sejahtera Logistic,business,info@berkahsejahtera28.co.id,031-5613428,Jl. Ahmad Yani No. 229,Jakarta,DKI Jakarta,2023-10-31
CUS0218,PT Mega Persada Group,business,info@megapersada83.co.id,061-9370012,Jl. Cendrawasih No. 282,Solo,Jawa Tengah,2020-10-31
CUS0219,Dewi Saputra,individual,dewi.saputra287@yahoo.com,083638380657,Jl. Kenanga No. 249,Balikpapan,Kalimantan Timur,2022-09-08
CUS0220,Dani Firmansyah,individual,dani.firmansyah330@yahoo.com,085205930407,Jl. Anggrek No. 184,Surabaya,Jawa Timur,2021-12-05
CUS0221,UD Jaya Makmur Sentosa,business,info@jayamakmur13.co.id,024-5045872,Jl. Ahmad Yani No. 274,Surabaya,Jawa Timur,2024-04-19
CUS0222,Dewi Hutapea,individual,dewi.hutapea971@gmail.com,087522395590,Jl. Margonda No. 181,Semarang,Jawa Tengah,2024-02-18
CUS0223,UD Karya Utama Group,business,info@karyautama64.co.id,061-3945353,Jl. Melati No. 20,Surabaya,Jawa Timur,2023-03-08
CUS0224,PT Jaya Makmur Group,business,info@jayamakmur3.co.id,0361-1011467,Jl. Hayam Wuruk No. 104,Medan,Sumatera Utara,2020-07-03
CUS0225,CV Citra Mandiri Sentosa,business,info@citramandiri42.co.id,021-1367637,Jl. Diponegoro No. 73,Jakarta,DKI Jakarta,2020-09-24
CUS0226,PT Permata Hijau Logistic,business,info@permatahijau10.co.id,0411-7636992,Jl. Mangga No. 52,Makassar,Sulawesi Selatan,2024-05-04
CUS0227,CV Surya Gemilang Sentosa,business,info@suryagemilang21.co.id,0274-9173859,Jl. Kebon Jeruk No. 163,Medan,Sumatera Utara,2021-11-20
CUS0228,UD Garuda Mas Logistic,business,info@garudamas29.co.id,031-7348231,Jl. Pemuda No. 151,Balikpapan,Kalimantan Timur,2020-12-22
CUS0229,PT Bumi Persada,business,info@bumipersada90.co.id,0274-1543292,Jl. Pahlawan No. 163,Bekasi,Jawa Barat,2020-09-17
CUS0230,PT Kencana Sari Indonesia,business,info@kencanasari64.co.id,031-6556084,Jl. Pajajaran No. 40,Bandung,Jawa Barat,2023-06-06
CUS0231,Adi Suryadi,individual,adi.suryadi172@outlook.com,082570433154,Jl. Asia Afrika No. 1,Banjarmasin,Kalimantan Selatan,2021-05-02
CUS0232,CV Cipta Karya Mart,business,info@ciptakarya22.co.id,0274-9272543,Jl. Imam Bonjol No. 180,Semarang,Jawa Tengah,2020-04-08
CUS0233,Bambang Hartono,individual,bambang.hartono849@yahoo.com,084271040541,Jl. Gatot Subroto No. 176,Denpasar,Bali,2023-01-23
CUS0234,CV Berkah Sejahtera Indonesia,business,info@berkahsejahtera71.co.id,022-6669869,Jl. Cempaka No. 248,Jakarta,DKI Jakarta,2020-12-14
CUS0235,PT Tunas Harapan Sentosa,business,info@tunasharapan78.co.id,0274-3635764,Jl. Thamrin No. 52,Solo,Jawa Tengah,2023-12-13
CUS0236,PT Mitra Sejati Mart,business,info@mitrasejati90.co.id,061-5723173,Jl. Pemuda No. 122,Bandung,Jawa Barat,2021-11-09
CUS0237,Dewi Putri,individual,dewi.putri586@outlook.com,088205061497,Jl. Merdeka No. 50,Makassar,Sulawesi Selatan,2020-07-15
CUS0238,PT Berkah Sejahtera Trading,business,info@berkahsejahtera11.co.id,0361-2937918,Jl. Pemuda No. 204,Jakarta,DKI Jakarta,2020-02-22
CUS0239,CV Putra Mandiri Trading,business,info@putramandiri12.co.id,0274-4101792,Jl. Gajah Mada No. 196,Surabaya,Jawa Timur,2022-08-22
CUS0240,PT Cipta Karya,business,info@ciptakarya34.co.id,0361-8802377,Jl. Ahmad Yani No. 116,Makassar,Sulawesi Selatan,2022-01-26
CUS0241,UD Sukses Mandiri Sentosa,business,info@suksesmandiri97.co.id,022-2437930,Jl. Raya Bogor No. 177,Medan,Sumatera Utara,2021-07-04
CUS0242,Fauzi Hutapea,individual,fauzi.hutapea604@gmail.com,089068687937,Jl. Pemuda No. 41,Surabaya,Jawa Timur,2023-01-13
CUS0243,Ratih Wijaya,individual,ratih.wijaya515@outlook.com,089992172233,Jl. Diponegoro No. 22,Balikpapan,Kalimantan Timur,2022-03-19
CUS0244,PT Tirta Bening Mart,business,info@tirtabening26.co.id,031-5326615,Jl. Hayam Wuruk No. 35,Jakarta,DKI Jakarta,2022-05-17
CUS0245,CV Garuda Mas Mart,business,info@garudamas71.co.id,0411-5633880,Jl. Anggrek No. 235,Makassar,Sulawesi Selatan,2020-06-27
CUS0246,Yusuf Simatupang,individual,yusuf.simatupang602@outlook.com,087162299911,Jl. Mangga No. 52,Surabaya,Jawa Timur,2020-01-26
CUS0247,CV Permata Hijau Logistic,business,info@permatahijau53.co.id,061-7426403,Jl. Kebon Jeruk No. 249,Manado,Sulawesi Utara,2024-05-28
CUS0248,UD Prima Sukses,business,info@primasukses23.co.id,061-7760781,Jl. Diponegoro No. 206,Jakarta,DKI Jakarta,2023-03-17
CUS0249,CV Putra Mandiri Logistic,business,info@putramandiri89.co.id,024-1826965,Jl. Pajajaran No. 244,Medan,Sumatera Utara,2020-03-20
CUS0250,CV Maju Jaya Logistic,business,info@majujaya39.co.id,061-5703436,Jl. Melati No. 51,Banjarmasin,Kalimantan Selatan,2021-07-04
CUS0251,PT Bintang Timur Niaga,business,info@bintangtimur42.co.id,061-7992286,Jl. Cempaka No. 46,Jakarta,DKI Jakarta,2021-04-11
CUS0252,Surya Kusuma,individual,surya.kusuma936@yahoo.com,088850821486,Jl. Diponegoro No. 269,Jakarta,DKI Jakarta,2021-01-19
CUS0253,Siti Setiawan,individual,siti.setiawan198@gmail.com,081307053457,Jl. Anggrek No. 204,Tangerang,Banten,2023-03-10
CUS0254,Indah Manurung,individual,indah.manurung32@gmail.com,086797279855,Jl. Pahlawan No. 133,Denpasar,Bali,2023-07-25
CUS0255,Yusuf Saputra,individual,yusuf.saputra292@gmail.com,087029333346,Jl. Anggrek No. 11,Makassar,Sulawesi Selatan,2024-03-13
CUS0256,UD Maju Jaya Niaga,business,info@majujaya17.co.id,031-1141997,Jl. Veteran No. 130,Medan,Sumatera Utara,2024-05-17
CUS0257,CV Citra Mandiri Trading,business,info@citramandiri55.co.id,0274-6850369,Jl. Mawar No. 130,Jakarta,DKI Jakarta,2023-05-30
CUS0258,Linda Hidayat,individual,linda.hidayat694@outlook.com,087910858994,Jl. Pemuda No. 56,Tangerang,Banten,2021-03-22
CUS0259,PT Surya Gemilang Trading,business,info@suryagemilang82.co.id,0411-5645358,Jl. Ahmad Yani No. 153,Bandung,Jawa Barat,2022-09-13
CUS0260,Putri Firmansyah,individual,putri.firmansyah784@gmail.com,081965207446,Jl. Imam Bonjol No. 199,Medan,Sumatera Utara,2021-01-20
CUS0261,Agus Tanjung,individual,agus.tanjung726@outlook.com,084538758428,Jl. Pahlawan No. 151,Bandung,Jawa Barat,2024-02-17
CUS0262,Reza Santoso,individual,reza.santoso759@yahoo.com,089251353465,Jl. Gajah Mada No. 134,Medan,Sumatera Utara,2020-07-18
CUS0263,CV Cipta Karya Indonesia,business,info@ciptakarya61.co.id,021-2194801,Jl. Melati No. 100,Bekasi,Jawa Barat,2023-04-14
CUS0264,Indah Wibowo,individual,indah.wibowo698@yahoo.com,089460223569,Jl. Mawar No. 74,Surabaya,Jawa Timur,2022-10-21
CUS0265,UD Berkah Sejahtera Indonesia,business,info@berkahsejahtera63.co.id,0411-3966618,Jl. Hayam Wuruk No. 30,Surabaya,Jawa Timur,2021-10-09
CUS0266,Surya Permana,individual,surya.permana215@gmail.com,083712966667,Jl. Imam Bonjol No. 3,Padang,Sumatera Barat,2020-01-10
CUS0267,UD Mitra Sejati Logistic,business,info@mitrasejati2.co.id,0411-9909268,Jl. Merdeka No. 10,Yogyakarta,DI Yogyakarta,2020-03-18
CUS0268,PT Kencana Sari Group,business,info@kencanasari29.co.id,0411-6236039,Jl. Diponegoro No. 53,Solo,Jawa Tengah,2023-10-17
CUS0269,UD Sejahtera Abadi Trading,business,info@sejahteraabadi22.co.id,022-1767026,Jl. Pemuda No. 149,Jakarta,DKI Jakarta,2022-02-24
CUS0270,Doni Firmansyah,individual,doni.firmansyah611@outlook.com,086625753260,Jl. Veteran No. 115,Padang,Sumatera Barat,2022-07-22
CUS0271,PT Mitra Sejati,business,info@mitrasejati76.co.id,031-3066315,Jl. Gajah Mada No. 20,Surabaya,Jawa Timur,2024-01-29
CUS0272,UD Anugerah Mulia,business,info@anugerahmulia77.co.id,021-2813842,Jl. Kebon Jeruk No. 11,Padang,Sumatera Barat,2022-02-07
CUS0273,Yusuf Hartono,individual,yusuf.hartono427@yahoo.com,087184723046,Jl. Raya Bogor No. 52,Jakarta,DKI Jakarta,2020-04-08
CUS0274,UD Anugerah Mulia Sentosa,business,info@anugerahmulia54.co.id,022-9582968,Jl. Pajajaran No. 61,Jakarta,DKI Jakarta,2023-09-18
CUS0275,PT Inti Makmur Indonesia,business,info@intimakmur64.co.id,024-4351238,Jl. Setiabudi No. 135,Bandung,Jawa Barat,2021-08-01
CUS0276,Fajar Rahmawati,individual,fajar.rahmawati721@yahoo.com,085208737530,Jl. Sudirman No. 46,Bekasi,Jawa Barat,2022-12-07
CUS0277,UD Tirta Bening Niaga,business,info@tirtabening20.co.id,022-9584991,Jl. Gatot Subroto No. 52,Surabaya,Jawa Timur,2020-08-14
CUS0278,UD Jaya Makmur Niaga,business,info@jayamakmur38.co.id,061-8789281,Jl. Thamrin No. 52,Balikpapan,Kalimantan Timur,2021-06-08
CUS0279,PT Permata Hijau Trading,business,info@permatahijau47.co.id,0411-8147013,Jl. Pajajaran No. 60,Jakarta,DKI Jakarta,2020-12-23
CUS0280,PT Maju Jaya Sentosa,business,info@majujaya85.co.id,031-6514013,Jl. Gajah Mada No. 225,Jakarta,DKI Jakarta,2020-07-13
CUS0281,Citra Pranata,individual,citra.pranata751@gmail.com,086521667467,Jl. Cendrawasih No. 86,Bandung,Jawa Barat,2023-06-27
CUS0282,Dimas Lubis,individual,dimas.lubis744@gmail.com,083169797296,Jl. Setiabudi No. 184,Yogyakarta,DI Yogyakarta,2020-08-19
CUS0283,PT Permata Hijau Sentosa,business,info@permatahijau62.co.id,0361-2894776,Jl. Cendrawasih No. 226,Semarang,Jawa Tengah,2023-06-06
CUS0284,PT Anugerah Mulia Logistic,business,info@anugerahmulia2.co.id,024-6675742,Jl. Anggrek No. 268,Jakarta,DKI Jakarta,2020-04-04
CUS0285,UD Mega Persada Indonesia,business,info@megapersada56.co.id,024-9085438,Jl. Gajah Mada No. 198,Jakarta,DKI Jakarta,2023-11-10
CUS0286,UD Putra Mandiri,business,info@putramandiri2.co.id,031-9482016,Jl. Melati No. 254,Surabaya,Jawa Timur,2020-10-31
CUS0287,PT Cendana Wangi Niaga,business,info@cendanawangi42.co.id,024-6551494,Jl. Ahmad Yani No. 26,Jakarta,DKI Jakarta,2020-12-04
CUS0288,Hendra Halim,individual,hendra.halim659@yahoo.com,087317797177,Jl. Hayam Wuruk No. 61,Jakarta,DKI Jakarta,2022-11-04
CUS0289,UD Kencana Sari,business,info@kencanasari14.co.id,0274-7917892,Jl. Thamrin No. 286,Yogyakarta,DI Yogyakarta,2022-10-15
CUS0290,PT Karya Bersama Indonesia,business,info@karyabersama78.co.id,061-9528492,Jl. Kenanga No. 106,Manado,Sulawesi Utara,2023-01-29
CUS0291,UD Cipta Karya Logistic,business,info@ciptakarya47.co.id,021-4739945,Jl. Mawar No. 170,Malang,Jawa Timur,2023-09-02
CUS0292,UD Mega Persada Niaga,business,info@megapersada92.co.id,0411-8592234,Jl. Asia Afrika No. 50,Bandung,Jawa Barat,2023-02-21
CUS0293,UD Jaya Makmur,business,info@jayamakmur44.co.id,0411-5898671,Jl. Kenanga No. 268,Pekanbaru,Riau,2024-04-04
CUS0294,UD Sinar Terang,business,info@sinarterang22.co.id,0361-3356346,Jl. Margonda No. 210,Jakarta,DKI Jakarta,2022-02-04
CUS0295,CV Mega Persada Group,business,info@megapersada25.co.id,022-7591709,Jl. Merdeka No. 235,Malang,Jawa Timur,2020-08-07
CUS0296,PT Citra Mandiri Logistic,business,info@citramandiri14.co.id,0274-1780146,Jl. Kebon Jeruk No. 64,Semarang,Jawa Tengah,2024-05-19
CUS0297,Surya Yuliana,individual,surya.yuliana675@outlook.com,089270808697,Jl. Anggrek No. 91,Surabaya,Jawa Timur,2024-04-30
CUS0298,Fitri Setiawan,individual,fitri.setiawan749@gmail.com,082699586693,Jl. Ahmad Yani No. 204,Medan,Sumatera Utara,2023-11-17
CUS0299,CV Cipta Karya Sentosa,business,info@ciptakarya18.co.id,0274-9594877,Jl. Pemuda No. 281,Surabaya,Jawa Timur,2021-12-03
CUS0300,UD Bumi Persada Group,business,info@bumipersada26.co.id,024-5875114,Jl. Raya Bogor No. 177,Surabaya,Jawa Timur,2021-10-04
CUS0301,PT Citra Mandiri Sentosa,business,info@citramandiri65.co.id,0411-2936178,Jl. Setiabudi No. 181,Pontianak,Kalimantan Barat,2023-10-09
CUS0302,Reza Tanjung,individual,reza.tanjung585@outlook.com,087846081062,Jl. Thamrin No. 29,Bogor,Jawa Barat,2023-02-25
CUS0303,Citra Hutapea,individual,citra.hutapea805@gmail.com,085420438057,Jl. Asia Afrika No. 288,Banjarmasin,Kalimantan Selatan,2021-02-13
CUS0304,UD Kencana Sari Mart,business,info@kencanasari31.co.id,061-1788191,Jl. Imam Bonjol No. 199,Jakarta,DKI Jakarta,2021-04-04
CUS0305,UD Surya Gemilang,business,info@suryagemilang2.co.id,061-4407238,Jl. Cempaka No. 227,Semarang,Jawa Tengah,2022-05-03
CUS0306,UD Citra Mandiri Logistic,business,info@citramandiri97.co.id,024-4246352,Jl. Pemuda No. 230,Medan,Sumatera Utara,2021-04-06
CUS0307,UD Cahaya Abadi Sentosa,business,info@cahayaabadi23.co.id,022-7328336,Jl. Thamrin No. 220,Medan,Sumatera Utara,2020-12-29
CUS0308,UD Anugerah Mulia Sentosa,business,info@anugerahmulia21.co.id,061-1094709,Jl. Hayam Wuruk No. 239,Jakarta,DKI Jakarta,2021-07-25
CUS0309,PT Sukses Mandiri Sentosa,business,info@suksesmandiri42.co.id,021-6052539,Jl. Melati No. 294,Bandung,Jawa Barat,2023-12-24
CUS0310,CV Cahaya Abadi Logistic,business,info@cahayaabadi68.co.id,024-4084811,Jl. Anggrek No. 35,Jakarta,DKI Jakarta,2023-01-31
CUS0311,UD Berkah Sejahtera Mart,business,info@berkahsejahtera70.co.id,0274-2542590,Jl. Gajah Mada No. 114,Balikpapan,Kalimantan Timur,2024-05-29
CUS0312,Galih Suryadi,individual,galih.suryadi340@yahoo.com,085398780157,Jl. Veteran No. 125,Jakarta,DKI Jakarta,2021-03-12
CUS0313,UD Putra Mandiri Logistic,business,info@putramandiri49.co.id,022-7473923,Jl. Ahmad Yani No. 277,Medan,Sumatera Utara,2020-03-22
CUS0314,Eko Pratama,individual,eko.pratama934@outlook.com,086887704358,Jl. Gatot Subroto No. 50,Bandung,Jawa Barat,2024-01-22
CUS0315,UD Garuda Mas,business,info@garudamas81.co.id,022-4536326,Jl. Raya Bogor No. 110,Surabaya,Jawa Timur,2020-12-08
CUS0316,Anita Pangestu,individual,anita.pangestu107@gmail.com,089612075011,Jl. Thamrin No. 92,Bandung,Jawa Barat,2023-11-04
CUS0317,Tika Saputra,individual,tika.saputra589@gmail.com,085667665061,Jl. Kenanga No. 4,Padang,Sumatera Barat,2021-05-30
CUS0318,UD Mega Persada Indonesia,business,info@megapersada97.co.id,021-2217848,Jl. Gajah Mada No. 258,Jakarta,DKI Jakarta,2023-08-06
CUS0319,CV Inti Makmur Trading,business,info@intimakmur78.co.id,022-5723078,Jl. Setiabudi No. 225,Jakarta,DKI Jakarta,2020-08-05
CUS0320,CV Karya Bersama,business,info@karyabersama61.co.id,031-9950103,Jl. Veteran No. 70,Jakarta,DKI Jakarta,2022-02-20
CUS0321,Ratna Sembiring,individual,ratna.sembiring817@outlook.com,085245088210,Jl. Sudirman No. 294,Surabaya,Jawa Timur,2024-03-09
CUS0322,CV Garuda Mas Indonesia,business,info@garudamas40.co.id,024-6768873,Jl. Merdeka No. 212,Pekanbaru,Riau,2023-05-06
CUS0323,Tono Santoso,individual,tono.santoso165@gmail.com,084943129087,Jl. Kebon Jeruk No. 282,Jakarta,DKI Jakarta,2023-08-15
CUS0324,CV Tirta Bening Indonesia,business,info@tirtabening33.co.id,022-4312117,Jl. Pajajaran No. 298,Jakarta,DKI Jakarta,2020-05-29
CUS0325,CV Rejeki Lancar Sentosa,business,info@rejekilancar86.co.id,024-2678477,Jl. Pemuda No. 36,Bogor,Jawa Barat,2022-09-24
CUS0326,Joko Maulana,individual,joko.maulana462@yahoo.com,085929955620,Jl. Hayam Wuruk No. 127,Semarang,Jawa Tengah,2021-01-31
CUS0327,PT Citra Mandiri Mart,business,info@citramandiri36.co.id,0411-3253277,Jl. Raya Bogor No. 170,Balikpapan,Kalimantan Timur,2024-05-28
CUS0328,Linda Yuliana,individual,linda.yuliana368@yahoo.com,088812914283,Jl. Ahmad Yani No. 40,Jakarta,DKI Jakarta,2022-09-09
CUS0329,PT Putra Mandiri,business,info@putramandiri65.co.id,021-7797028,Jl. Setiabudi No. 109,Balikpapan,Kalimantan Timur,2024-01-29
CUS0330,UD Anugerah Mulia Niaga,business,info@anugerahmulia84.co.id,031-7137418,Jl. Imam Bonjol No. 115,Bandung,Jawa Barat,2020-03-16
CUS0331,Fitri Nasution,individual,fitri.nasution878@yahoo.com,083788165803,Jl. Cempaka No. 85,Bandung,Jawa Barat,2024-04-30
CUS0332,UD Karya Utama Niaga,business,info@karyautama21.co.id,031-3452813,Jl. Pajajaran No. 248,Medan,Sumatera Utara,2024-03-30
CUS0333,PT Jaya Makmur Niaga,business,info@jayamakmur30.co.id,022-5435176,Jl. Gajah Mada No. 120,Semarang,Jawa Tengah,2022-01-04
CUS0334,Galih Kusuma,individual,galih.kusuma531@yahoo.com,087770051844,Jl. Mangga No. 279,Medan,Sumatera Utara,2020-03-28
CUS0335,PT Mandiri Sentosa Mart,business,info@mandirisentosa47.co.id,022-9668165,Jl. Ahmad Yani No. 193,Surabaya,Jawa Timur,2023-03-13
CUS0336,UD Mandiri Sentosa Logistic,business,info@mandirisentosa45.co.id,0361-9088465,Jl. Cempaka No. 4,Jakarta,DKI Jakarta,2021-04-01
CUS0337,PT Cipta Karya Sentosa,business,info@ciptakarya30.co.id,022-9632570,Jl. Kebon Jeruk No. 144,Semarang,Jawa Tengah,2022-10-24
CUS0338,PT Berkah Sejahtera Sentosa,business,info@berkahsejahtera47.co.id,022-4864570,Jl. Cendrawasih No. 170,Jakarta,DKI Jakarta,2021-03-09
CUS0339,PT Prima Sukses Niaga,business,info@primasukses62.co.id,024-3705263,Jl. Kebon Jeruk No. 211,Jakarta,DKI Jakarta,2024-01-15
CUS0340,PT Sukses Mandiri Sentosa,business,info@suksesmandiri74.co.id,031-3260294,Jl. Kebon Jeruk No. 263,Makassar,Sulawesi Selatan,2020-02-15
CUS0341,Dani Santoso,individual,dani.santoso58@gmail.com,085286990413,Jl. Mawar No. 242,Palembang,Sumatera Selatan,2020-03-21
CUS0342,PT Jaya Makmur Mart,business,info@jayamakmur77.co.id,031-4051509,Jl. Cempaka No. 262,Jakarta,DKI Jakarta,2022-09-13
CUS0343,Rizki Nasution,individual,rizki.nasution703@yahoo.com,088991366210,Jl. Merdeka No. 268,Banjarmasin,Kalimantan Selatan,2021-06-25
CUS0344,UD Tunas Harapan Sentosa,business,info@tunasharapan78.co.id,022-3976650,Jl. Melati No. 20,Medan,Sumatera Utara,2022-10-29
CUS0345,UD Nusantara Indah Indonesia,business,info@nusantaraindah12.co.id,0361-3186555,Jl. Cempaka No. 277,Jakarta,DKI Jakarta,2024-05-24
CUS0346,UD Kencana Sari Mart,business,info@kencanasari67.co.id,0274-7213902,Jl. Thamrin No. 272,Jakarta,DKI Jakarta,2020-01-03
CUS0347,Hendra Sembiring,individual,hendra.sembiring494@yahoo.com,086991624731,Jl. Pemuda No. 279,Semarang,Jawa Tengah,2022-05-28
CUS0348,CV Mitra Sejati,business,info@mitrasejati91.co.id,021-9766777,Jl. Asia Afrika No. 267,Medan,Sumatera Utara,2022-04-16
CUS0349,CV Kencana Sari Group,business,info@kencanasari89.co.id,0411-7859282,Jl. Gajah Mada No. 55,Bandung,Jawa Barat,2020-01-15
CUS0350,CV Kencana Sari Trading,business,info@kencanasari34.co.id,0274-7134489,Jl. Cempaka No. 142,Semarang,Jawa Tengah,2020-11-12
CUS0351,Ratna Hutapea,individual,ratna.hutapea209@yahoo.com,089872588744,Jl. Mangga No. 177,Malang,Jawa Timur,2023-10-25
CUS0352,Ratih Putri,individual,ratih.putri754@gmail.com,082372138658,Jl. Cempaka No. 27,Bandung,Jawa Barat,2024-05-04
CUS0353,CV Kencana Sari,business,info@kencanasari12.co.id,031-8913286,Jl. Cempaka No. 223,Manado,Sulawesi Utara,2020-11-25
CUS0354,PT Anugerah Mulia Group,business,info@anugerahmulia48.co.id,022-1633429,Jl. Pajajaran No. 197,Semarang,Jawa Tengah,2020-06-29
CUS0355,UD Kencana Sari Trading,business,info@kencanasari92.co.id,021-3940561,Jl. Kebon Jeruk No. 254,Surabaya,Jawa Timur,2022-03-31
CUS0356,Budi Kusuma,individual,budi.kusuma871@outlook.com,089430988392,Jl. Raya Bogor No. 19,Bandung,Jawa Barat,2022-06-18
CUS0357,PT Kencana Sari,business,info@kencanasari21.co.id,022-5629452,Jl. Setiabudi No. 205,Surabaya,Jawa Timur,2022-01-06
CUS0358,UD Mandiri Sentosa Mart,business,info@mandirisentosa76.co.id,024-9686281,Jl. Sudirman No. 36,Banjarmasin,Kalimantan Selatan,2021-12-24
CUS0359,UD Bintang Timur Logistic,business,info@bintangtimur45.co.id,061-4796608,Jl. Cempaka No. 100,Jakarta,DKI Jakarta,2020-07-03
CUS0360,Ratna Tanjung,individual,ratna.tanjung5@yahoo.com,083681818451,Jl. Anggrek No. 132,Surabaya,Jawa Timur,2022-07-20
CUS0361,UD Anugerah Mulia Niaga,business,info@anugerahmulia49.co.id,0361-5081447,Jl. Setiabudi No. 174,Jakarta,DKI Jakarta,2023-01-06
CUS0362,Linda Manurung,individual,linda.manurung472@outlook.com,081714163356,Jl. Gajah Mada No. 265,Pontianak,Kalimantan Barat,2024-05-07
CUS0363,PT Citra Mandiri Trading,business,info@citramandiri32.co.id,061-2560439,Jl. Imam Bonjol No. 176,Surabaya,Jawa Timur,2023-01-02
CUS0364,Tika Mahendra,individual,tika.mahendra183@yahoo.com,086539423733,Jl. Pajajaran No. 124,Medan,Sumatera Utara,2020-06-04
CUS0365,Lestari Nugroho,individual,lestari.nugroho208@gmail.com,086211179080,Jl. Melati No. 191,Makassar,Sulawesi Selatan,2021-06-27
CUS0366,CV Prima Sukses Trading,business,info@primasukses63.co.id,031-9575399,Jl. Ahmad Yani No. 204,Bandung,Jawa Barat,2023-06-25
CUS0367,UD Karya Utama,business,info@karyautama68.co.id,0274-9024879,Jl. Kenanga No. 17,Tangerang,Banten,2021-03-30
CUS0368,Adi Putri,individual,adi.putri882@outlook.com,083718750036,Jl. Mangga No. 52,Bandung,Jawa Barat,2022-10-26
CUS0369,Yuni Simatupang,individual,yuni.simatupang883@yahoo.com,083843479552,Jl. Melati No. 218,Makassar,Sulawesi Selatan,2021-10-28
CUS0370,CV Citra Mandiri Logistic,business,info@citramandiri47.co.id,0274-5691405,Jl. Mawar No. 93,Jakarta,DKI Jakarta,2021-03-07
CUS0371,PT Sejahtera Abadi Group,business,info@sejahteraabadi13.co.id,061-4956154,Jl. Kenanga No. 222,Bandung,Jawa Barat,2023-03-16
CUS0372,Fajar Santoso,individual,fajar.santoso820@outlook.com,083702672885,Jl. Melati No. 154,Semarang,Jawa Tengah,2022-02-19
CUS0373,UD Permata Hijau,business,info@permatahijau51.co.id,022-3740422,Jl. Thamrin No. 111,Makassar,Sulawesi Selatan,2021-05-28
CUS0374,Reza Pangestu,individual,reza.pangestu645@gmail.com,088545588450,Jl. Cendrawasih No. 63,Jakarta,DKI Jakarta,2021-06-04
CUS0375,Wati Simatupang,individual,wati.simatupang204@outlook.com,089245587716,Jl. Cempaka No. 147,Jakarta,DKI Jakarta,2021-12-20
CUS0376,Hadi Santoso,individual,hadi.santoso890@gmail.com,086699611253,Jl. Hayam Wuruk No. 163,Medan,Sumatera Utara,2022-08-07
CUS0377,CV Citra Mandiri Trading,business,info@citramandiri78.co.id,0274-5550787,Jl. Mawar No. 186,Denpasar,Bali,2023-08-30
CUS0378,UD Nusantara Indah Niaga,business,info@nusantaraindah53.co.id,031-4085098,Jl. Sudirman No. 65,Surabaya,Jawa Timur,2024-03-11
CUS0379,Maya Manurung,individual,maya.manurung258@outlook.com,082326111780,Jl. Sudirman No. 204,Denpasar,Bali,2024-01-30
CUS0380,PT Sinar Terang Trading,business,info@sinarterang80.co.id,031-2414508,Jl. Kebon Jeruk No. 200,Semarang,Jawa Tengah,2022-12-09
CUS0381,Hendra Nugroho,individual,hendra.nugroho756@yahoo.com,088228200557,Jl. Mawar No. 277,Jakarta,DKI Jakarta,2021-09-25
CUS0382,Tika Yuliana,individual,tika.yuliana139@outlook.com,089299796884,Jl. Gajah Mada No. 247,Surabaya,Jawa Timur,2021-07-11
CUS0383,PT Inti Makmur Indonesia,business,info@intimakmur57.co.id,061-7136825,Jl. Cendrawasih No. 134,Tangerang,Banten,2023-01-10
CUS0384,Nia Pratama,individual,nia.pratama1@outlook.com,083547807740,Jl. Setiabudi No. 221,Jakarta,DKI Jakarta,2020-11-14
CUS0385,Ramli Nugroho,individual,ramli.nugroho816@gmail.com,089536866326,Jl. Imam Bonjol No. 113,Makassar,Sulawesi Selatan,2021-08-22
CUS0386,PT Tunas Harapan Group,business,info@tunasharapan67.co.id,061-5776085,Jl. Kebon Jeruk No. 273,Medan,Sumatera Utara,2021-06-22
CUS0387,CV Mitra Sejati Indonesia,business,info@mitrasejati24.co.id,031-5858602,Jl. Asia Afrika No. 234,Semarang,Jawa Tengah,2021-07-04
CUS0388,CV Anugerah Mulia Niaga,business,info@anugerahmulia25.co.id,0411-1325400,Jl. Diponegoro No. 26,Jakarta,DKI Jakarta,2023-06-19
CUS0389,PT Berkah Sejahtera Indonesia,business,info@berkahsejahtera37.co.id,061-3097809,Jl. Margonda No. 225,Jakarta,DKI Jakarta,2022-12-31
CUS0390,Budi Nugroho,individual,budi.nugroho93@gmail.com,081735647570,Jl. Hayam Wuruk No. 42,Bogor,Jawa Barat,2024-01-29
CUS0391,Putri Wijaya,individual,putri.wijaya273@yahoo.com,082872346013,Jl. Imam Bonjol No. 227,Bandung,Jawa Barat,2024-03-17
CUS0392,UD Sukses Mandiri Group,business,info@suksesmandiri59.co.id,022-9743263,Jl. Raya Bogor No. 107,Bandung,Jawa Barat,2021-05-21
CUS0393,CV Tirta Bening Trading,business,info@tirtabening42.co.id,031-1707762,Jl. Pajajaran No. 282,Bandung,Jawa Barat,2022-08-26
CUS0394,PT Anugerah Mulia Niaga,business,info@anugerahmulia82.co.id,061-4334029,Jl. Gajah Mada No. 27,Semarang,Jawa Tengah,2022-12-02
CUS0395,PT Sinar Terang Group,business,info@sinarterang82.co.id,0274-6444432,Jl. Sudirman No. 86,Surabaya,Jawa Timur,2023-09-27
CUS0396,UD Sinar Terang Mart,business,info@sinarterang32.co.id,021-1704531,Jl. Mangga No. 244,Makassar,Sulawesi Selatan,2021-07-19
CUS0397,Ramli Santoso,individual,ramli.santoso381@gmail.com,084271950052,Jl. Margonda No. 275,Semarang,Jawa Tengah,2023-11-10
CUS0398,PT Prima Sukses Group,business,info@primasukses41.co.id,0411-8360481,Jl. Pajajaran No. 99,Jakarta,DKI Jakarta,2020-08-07
CUS0399,UD Mandiri Sentosa Logistic,business,info@mandirisentosa93.co.id,031-5205984,Jl. Thamrin No. 249,Makassar,Sulawesi Selatan,2020-02-13
CUS0400,Surya Halim,individual,surya.halim302@outlook.com,088392855749,Jl. Kenanga No. 83,Makassar,Sulawesi Selatan,2023-12-18
CUS0401,UD Karya Utama Niaga,business,info@karyautama38.co.id,061-7159129,Jl. Mawar No. 1,Jakarta,DKI Jakarta,2020-05-21
CUS0402,Hadi Firmansyah,individual,hadi.firmansyah389@outlook.com,083095935186,Jl. Merdeka No. 269,Bandung,Jawa Barat,2024-05-08
CUS0403,CV Cendana Wangi Sentosa,business,info@cendanawangi79.co.id,061-6412330,Jl. Cendrawasih No. 165,Jakarta,DKI Jakarta,2023-10-31
CUS0404,PT Nusantara Indah Indonesia,business,info@nusantaraindah6.co.id,031-3997061,Jl. Thamrin No. 104,Denpasar,Bali,2020-08-14
CUS0405,CV Mitra Sejati Indonesia,business,info@mitrasejati5.co.id,0274-9219319,Jl. Anggrek No. 132,Jakarta,DKI Jakarta,2020-08-07
CUS0406,CV Jaya Makmur Indonesia,business,info@jayamakmur2.co.id,024-9244416,Jl. Gatot Subroto No. 240,Semarang,Jawa Tengah,2020-04-10
CUS0407,Dewi Rahmawati,individual,dewi.rahmawati572@outlook.com,087509480141,Jl. Merdeka No. 266,Jakarta,DKI Jakarta,2023-08-01
CUS0408,PT Bumi Persada Group,business,info@bumipersada69.co.id,0274-4178618,Jl. Merdeka No. 270,Semarang,Jawa Tengah,2020-07-17
CUS0409,Maya Tanjung,individual,maya.tanjung641@gmail.com,089861957612,Jl. Pahlawan No. 282,Jakarta,DKI Jakarta,2023-09-07
CUS0410,UD Surya Gemilang Sentosa,business,info@suryagemilang69.co.id,0361-6911017,Jl. Hayam Wuruk No. 282,Jakarta,DKI Jakarta,2022-04-02
CUS0411,Yuni Sari,individual,yuni.sari783@outlook.com,087593983684,Jl. Gajah Mada No. 232,Jakarta,DKI Jakarta,2021-10-26
CUS0412,CV Maju Jaya,business,info@majujaya37.co.id,021-9684044,Jl. Diponegoro No. 155,Bandung,Jawa Barat,2022-07-05
CUS0413,CV Jaya Makmur Group,business,info@jayamakmur41.co.id,021-5629792,Jl. Kenanga No. 262,Makassar,Sulawesi Selatan,2020-01-14
CUS0414,UD Aneka Niaga Sentosa,business,info@anekaniaga13.co.id,021-8723723,Jl. Gajah Mada No. 80,Bogor,Jawa Barat,2023-02-13
CUS0415,CV Rejeki Lancar Group,business,info@rejekilancar30.co.id,061-6038238,Jl. Gatot Subroto No. 293,Bogor,Jawa Barat,2020-10-10
CUS0416,UD Aneka Niaga Group,business,info@anekaniaga94.co.id,022-6447428,Jl. Melati No. 89,Tangerang,Banten,2022-03-29
CUS0417,UD Citra Mandiri Indonesia,business,info@citramandiri77.co.id,061-1626991,Jl. Pajajaran No. 296,Bandung,Jawa Barat,2022-09-26
CUS0418,Rina Hutapea,individual,rina.hutapea58@yahoo.com,086661390604,Jl. Anggrek No. 22,Bandung,Jawa Barat,2022-02-20
CUS0419,Iwan Tanjung,individual,iwan.tanjung154@yahoo.com,089320679981,Jl. Veteran No. 222,Padang,Sumatera Barat,2021-10-15
CUS0420,CV Karya Utama Sentosa,business,info@karyautama44.co.id,022-8983516,Jl. Mangga No. 26,Makassar,Sulawesi Selatan,2021-08-16
CUS0421,CV Anugerah Mulia Indonesia,business,info@anugerahmulia52.co.id,0274-3187332,Jl. Setiabudi No. 70,Surabaya,Jawa Timur,2023-01-27
CUS0422,UD Mitra Sejati Niaga,business,info@mitrasejati51.co.id,024-9795418,Jl. Veteran No. 125,Bogor,Jawa Barat,2022-09-11
CUS0423,Citra Hutapea,individual,citra.hutapea441@yahoo.com,082166553559,Jl. Kebon Jeruk No. 13,Denpasar,Bali,2020-05-26
CUS0424,CV Berkah Sejahtera Logistic,business,info@berkahsejahtera79.co.id,0361-3446428,Jl. Mawar No. 23,Bandung,Jawa Barat,2024-04-25
CUS0425,PT Tirta Bening Logistic,business,info@tirtabening20.co.id,022-2885284,Jl. Pajajaran No. 28,Medan,Sumatera Utara,2021-04-23
CUS0426,UD Aneka Niaga Sentosa,business,info@anekaniaga37.co.id,021-6759137,Jl. Margonda No. 57,Bandung,Jawa Barat,2021-05-12
CUS0427,CV Prima Sukses,business,info@primasukses43.co.id,024-4554677,Jl. Merdeka No. 280,Jakarta,DKI Jakarta,2021-09-16
CUS0428,CV Garuda Mas Niaga,business,info@garudamas80.co.id,031-1308508,Jl. Imam Bonjol No. 299,Jakarta,DKI Jakarta,2022-12-07
CUS0429,Ayu Wijaya,individual,ayu.wijaya262@gmail.com,081439407016,Jl. Raya Bogor No. 139,Surabaya,Jawa Timur,2023-09-20
CUS0430,UD Rejeki Lancar Indonesia,business,info@rejekilancar3.co.id,061-7484783,Jl. Veteran No. 195,Tangerang,Banten,2023-09-19
CUS0431,Ratih Hartono,individual,ratih.hartono926@yahoo.com,088981238780,Jl. Thamrin No. 127,Jakarta,DKI Jakarta,2022-11-07
CUS0432,Nia Suryadi,individual,nia.suryadi502@yahoo.com,083055543840,Jl. Kebon Jeruk No. 132,Bandung,Jawa Barat,2022-12-20
CUS0433,PT Garuda Mas Trading,business,info@garudamas29.co.id,031-6734220,Jl. Imam Bonjol No. 71,Medan,Sumatera Utara,2022-03-03
CUS0434,UD Mandiri Sentosa Group,business,info@mandirisentosa54.co.id,024-3562705,Jl. Cendrawasih No. 160,Denpasar,Bali,2020-06-28
CUS0435,CV Cipta Karya Sentosa,business,info@ciptakarya27.co.id,031-4394202,Jl. Diponegoro No. 159,Bandung,Jawa Barat,2023-05-24
CUS0436,UD Putra Mandiri Sentosa,business,info@putramandiri56.co.id,031-3651604,Jl. Hayam Wuruk No. 35,Tangerang,Banten,2023-11-11
CUS0437,Iwan Nasution,individual,iwan.nasution122@gmail.com,086205664742,Jl. Setiabudi No. 97,Medan,Sumatera Utara,2023-02-15
CUS0438,PT Berkah Sejahtera,business,info@berkahsejahtera98.co.id,061-4874049,Jl. Cempaka No. 119,Medan,Sumatera Utara,2020-08-06
CUS0439,UD Maju Jaya Logistic,business,info@majujaya11.co.id,0361-3249600,Jl. Anggrek No. 241,Yogyakarta,DI Yogyakarta,2021-04-17
CUS0440,Lina Rahmawati,individual,lina.rahmawati189@yahoo.com,088722330604,Jl. Cendrawasih No. 114,Jakarta,DKI Jakarta,2023-12-29
CUS0441,UD Mitra Sejati Group,business,info@mitrasejati9.co.id,031-8369982,Jl. Cempaka No. 251,Bandung,Jawa Barat,2024-02-29
CUS0442,CV Permata Hijau Niaga,business,info@permatahijau32.co.id,0274-7792537,Jl. Setiabudi No. 22,Bogor,Jawa Barat,2023-11-09
CUS0443,Mira Pangestu,individual,mira.pangestu390@outlook.com,086699988081,Jl. Mawar No. 234,Malang,Jawa Timur,2023-05-30
CUS0444,PT Nusantara Indah Mart,business,info@nusantaraindah95.co.id,021-7499457,Jl. Anggrek No. 26,Malang,Jawa Timur,2020-03-27
CUS0445,Eko Yuliana,individual,eko.yuliana408@yahoo.com,085726490827,Jl. Kebon Jeruk No. 232,Surabaya,Jawa Timur,2021-01-23
CUS0446,Doni Firmansyah,individual,doni.firmansyah116@gmail.com,089266570279,Jl. Margonda No. 104,Jakarta,DKI Jakarta,2020-07-04
CUS0447,PT Anugerah Mulia Logistic,business,info@anugerahmulia89.co.id,031-3072728,Jl. Gatot Subroto No. 59,Surabaya,Jawa Timur,2022-07-20
CUS0448,CV Kencana Sari Logistic,business,info@kencanasari11.co.id,0274-9584338,Jl. Cempaka No. 82,Jakarta,DKI Jakarta,2023-12-17
CUS0449,UD Mandiri Sentosa,business,info@mandirisentosa99.co.id,031-6623607,Jl. Mangga No. 77,Jakarta,DKI Jakarta,2022-02-14
CUS0450,PT Berkah Sejahtera,business,info@berkahsejahtera54.co.id,061-6192855,Jl. Pajajaran No. 229,Solo,Jawa Tengah,2020-11-28
CUS0451,UD Berkah Sejahtera Indonesia,business,info@berkahsejahtera17.co.id,024-1059272,Jl. Cempaka No. 130,Tangerang,Banten,2021-08-14
CUS0452,CV Prima Sukses Niaga,business,info@primasukses70.co.id,021-9278999,Jl. Veteran No. 112,Jakarta,DKI Jakarta,2020-01-26
CUS0453,UD Prima Sukses Niaga,business,info@primasukses53.co.id,0361-2332193,Jl. Cempaka No. 4,Tangerang,Banten,2023-04-20
CUS0454,Tika Permana,individual,tika.permana635@outlook.com,089302205020,Jl. Raya Bogor No. 296,Solo,Jawa Tengah,2021-05-16
CUS0455,CV Surya Gemilang Indonesia,business,info@suryagemilang7.co.id,022-7995376,Jl. Pahlawan No. 83,Pontianak,Kalimantan Barat,2023-05-20
CUS0456,Eko Simatupang,individual,eko.simatupang677@outlook.com,089279501455,Jl. Imam Bonjol No. 35,Jakarta,DKI Jakarta,2023-10-08
CUS0457,CV Karya Bersama Indonesia,business,info@karyabersama38.co.id,0361-3257303,Jl. Asia Afrika No. 141,Jakarta,DKI Jakarta,2024-04-02
CUS0458,Ayu Sari,individual,ayu.sari538@gmail.com,084901981794,Jl. Cendrawasih No. 163,Makassar,Sulawesi Selatan,2021-11-05
CUS0459,UD Sejahtera Abadi Logistic,business,info@sejahteraabadi17.co.id,0361-9719216,Jl. Pajajaran No. 255,Medan,Sumatera Utara,2021-06-15
CUS0460,Sari Pranata,individual,sari.pranata625@gmail.com,085301071396,Jl. Cendrawasih No. 24,Jakarta,DKI Jakarta,2022-10-05
CUS0461,CV Garuda Mas Group,business,info@garudamas2.co.id,024-5724912,Jl. Ahmad Yani No. 35,Solo,Jawa Tengah,2021-11-14
CUS0462,CV Nusantara Indah Logistic,business,info@nusantaraindah99.co.id,021-2909863,Jl. Raya Bogor No. 171,Makassar,Sulawesi Selatan,2021-09-22
CUS0463,CV Bumi Persada,business,info@bumipersada23.co.id,024-6545118,Jl. Hayam Wuruk No. 246,Bandung,Jawa Barat,2021-11-30
CUS0464,PT Kencana Sari Sentosa,business,info@kencanasari62.co.id,031-8727886,Jl. Kenanga No. 172,Semarang,Jawa Tengah,2022-08-29
CUS0465,CV Aneka Niaga,business,info@anekaniaga67.co.id,061-6293259,Jl. Kenanga No. 275,Jakarta,DKI Jakarta,2022-08-05
CUS0466,PT Sejahtera Abadi Logistic,business,info@sejahteraabadi46.co.id,022-3504920,Jl. Ahmad Yani No. 16,Padang,Sumatera Barat,2020-02-08
CUS0467,CV Kencana Sari Sentosa,business,info@kencanasari74.co.id,0274-4143696,Jl. Cempaka No. 60,Bandung,Jawa Barat,2021-11-25
CUS0468,CV Citra Mandiri Logistic,business,info@citramandiri91.co.id,021-5554970,Jl. Cendrawasih No. 45,Makassar,Sulawesi Selatan,2024-05-21
CUS0469,PT Rejeki Lancar Niaga,business,info@rejekilancar39.co.id,024-9809723,Jl. Pemuda No. 90,Palembang,Sumatera Selatan,2022-10-14
CUS0470,CV Inti Makmur,business,info@intimakmur26.co.id,022-8445293,Jl. Anggrek No. 13,Solo,Jawa Tengah,2020-08-17
CUS0471,UD Karya Utama Group,business,info@karyautama44.co.id,0361-9785019,Jl. Pemuda No. 168,Surabaya,Jawa Timur,2022-09-15
CUS0472,PT Karya Bersama Sentosa,business,info@karyabersama27.co.id,021-8706923,Jl. Imam Bonjol No. 268,Jakarta,DKI Jakarta,2020-10-20
CUS0473,PT Bintang Timur,business,info@bintangtimur88.co.id,022-6591674,Jl. Mawar No. 24,Palembang,Sumatera Selatan,2020-08-25
CUS0474,UD Cendana Wangi Trading,business,info@cendanawangi3.co.id,061-4520626,Jl. Hayam Wuruk No. 103,Manado,Sulawesi Utara,2020-07-30
CUS0475,CV Anugerah Mulia Logistic,business,info@anugerahmulia99.co.id,0361-2973853,Jl. Ahmad Yani No. 77,Bandung,Jawa Barat,2021-01-29
CUS0476,CV Sinar Terang,business,info@sinarterang80.co.id,022-4465793,Jl. Kenanga No. 180,Jakarta,DKI Jakarta,2020-11-18
CUS0477,Joko Permana,individual,joko.permana145@outlook.com,085932149587,Jl. Thamrin No. 67,Jakarta,DKI Jakarta,2023-01-30
CUS0478,CV Putra Mandiri,business,info@putramandiri14.co.id,0274-1902612,Jl. Gatot Subroto No. 219,Bekasi,Jawa Barat,2020-02-29
CUS0479,PT Citra Mandiri Niaga,business,info@citramandiri79.co.id,0411-6241884,Jl. Hayam Wuruk No. 102,Jakarta,DKI Jakarta,2022-03-13
CUS0480,UD Inti Makmur Indonesia,business,info@intimakmur97.co.id,0361-3211157,Jl. Gatot Subroto No. 240,Surabaya,Jawa Timur,2023-12-31
CUS0481,CV Bintang Timur Niaga,business,info@bintangtimur61.co.id,024-4754647,Jl. Diponegoro No. 133,Bandung,Jawa Barat,2020-07-18
CUS0482,CV Berkah Sejahtera Logistic,business,info@berkahsejahtera42.co.id,0361-9179005,Jl. Sudirman No. 34,Banjarmasin,Kalimantan Selatan,2022-01-14
CUS0483,Indah Rahmawati,individual,indah.rahmawati491@yahoo.com,083459928161,Jl. Hayam Wuruk No. 285,Jakarta,DKI Jakarta,2022-08-31
CUS0484,Andi Sembiring,individual,andi.sembiring310@outlook.com,088696393827,Jl. Imam Bonjol No. 34,Jakarta,DKI Jakarta,2023-08-23
CUS0485,PT Karya Bersama Mart,business,info@karyabersama56.co.id,0411-4962012,Jl. Pahlawan No. 40,Jakarta,DKI Jakarta,2021-11-28
CUS0486,Ratih Tanjung,individual,ratih.tanjung857@yahoo.com,082997581724,Jl. Imam Bonjol No. 36,Denpasar,Bali,2024-02-23
CUS0487,PT Tirta Bening Mart,business,info@tirtabening42.co.id,0361-2031500,Jl. Gatot Subroto No. 112,Makassar,Sulawesi Selatan,2023-05-10
CUS0488,Fitri Pranata,individual,fitri.pranata774@outlook.com,081227846997,Jl. Merdeka No. 106,Surabaya,Jawa Timur,2020-10-11
CUS0489,Joko Hidayat,individual,joko.hidayat584@outlook.com,085651909862,Jl. Pemuda No. 32,Medan,Sumatera Utara,2023-10-27
CUS0490,UD Sukses Mandiri,business,info@suksesmandiri91.co.id,0411-2840432,Jl. Pemuda No. 16,Surabaya,Jawa Timur,2022-01-26
CUS0491,CV Citra Mandiri Mart,business,info@citramandiri81.co.id,0411-7422144,Jl. Imam Bonjol No. 196,Jakarta,DKI Jakarta,2021-04-26
CUS0492,UD Mitra Sejati Sentosa,business,info@mitrasejati61.co.id,031-4157922,Jl. Kenanga No. 197,Jakarta,DKI Jakarta,2022-06-10
CUS0493,Fauzi Santoso,individual,fauzi.santoso296@outlook.com,083201027621,Jl. Diponegoro No. 213,Semarang,Jawa Tengah,2022-01-07
CUS0494,Yusuf Simatupang,individual,yusuf.simatupang953@yahoo.com,083786876532,Jl. Cendrawasih No. 4,Semarang,Jawa Tengah,2022-07-22
CUS0495,CV Permata Hijau Group,business,info@permatahijau92.co.id,061-7892714,Jl. Kenanga No. 296,Semarang,Jawa Tengah,2023-03-29
CUS0496,Agus Wijaya,individual,agus.wijaya582@yahoo.com,086197128478,Jl. Gatot Subroto No. 268,Jakarta,DKI Jakarta,2022-01-21
CUS0497,PT Jaya Makmur Niaga,business,info@jayamakmur81.co.id,022-6242875,Jl. Cempaka No. 28,Medan,Sumatera Utara,2023-06-03
CUS0498,UD Cendana Wangi,business,info@cendanawangi61.co.id,0361-9601059,Jl. Melati No. 294,Yogyakarta,DI Yogyakarta,2021-12-04
CUS0499,CV Tunas Harapan Logistic,business,info@tunasharapan38.co.id,061-3810320,Jl. Thamrin No. 156,Bandung,Jawa Barat,2024-02-11
CUS0500,UD Anugerah Mulia,business,info@anugerahmulia81.co.id,0361-3836678,Jl. Mangga No. 27,Surabaya,Jawa Timur,2024-01-28
CUS0501,CV Inti Makmur,business,info@intimakmur37.co.id,0361-2384290,Jl. Diponegoro No. 259,Malang,Jawa Timur,2023-09-06
CUS0502,CV Anugerah Mulia Sentosa,business,info@anugerahmulia79.co.id,061-5617376,Jl. Ahmad Yani No. 8,Surabaya,Jawa Timur,2020-06-06
CUS0503,Indah Simatupang,individual,indah.simatupang179@outlook.com,083752437280,Jl. Hayam Wuruk No. 44,Surabaya,Jawa Timur,2024-02-27
CUS0504,UD Aneka Niaga Sentosa,business,info@anekaniaga64.co.id,0274-7428475,Jl. Veteran No. 226,Semarang,Jawa Tengah,2020-10-24
CUS0505,UD Berkah Sejahtera Group,business,info@berkahsejahtera74.co.id,0411-1911435,Jl. Kebon Jeruk No. 136,Jakarta,DKI Jakarta,2024-01-26
CUS0506,PT Sukses Mandiri Sentosa,business,info@suksesmandiri60.co.id,0274-8989846,Jl. Pemuda No. 244,Denpasar,Bali,2024-03-27
CUS0507,Anton Mahendra,individual,anton.mahendra546@gmail.com,087674286047,Jl. Imam Bonjol No. 162,Jakarta,DKI Jakarta,2024-03-08
CUS0508,UD Sukses Mandiri Indonesia,business,info@suksesmandiri69.co.id,0411-8244164,Jl. Cempaka No. 140,Surabaya,Jawa Timur,2022-12-21
CUS0509,CV Anugerah Mulia Indonesia,business,info@anugerahmulia33.co.id,0274-8736118,Jl. Setiabudi No. 124,Makassar,Sulawesi Selatan,2021-11-17
CUS0510,UD Sejahtera Abadi Group,business,info@sejahteraabadi67.co.id,0411-4018500,Jl. Hayam Wuruk No. 281,Bandung,Jawa Barat,2024-02-12
CUS0511,Wati Pratama,individual,wati.pratama852@gmail.com,081618175344,Jl. Merdeka No. 18,Makassar,Sulawesi Selatan,2020-01-22
CUS0512,Yanti Saputra,individual,yanti.saputra59@outlook.com,084911192692,Jl. Asia Afrika No. 95,Bandung,Jawa Barat,2020-02-18
CUS0513,CV Cipta Karya Indonesia,business,info@ciptakarya82.co.id,0361-5636946,Jl. Setiabudi No. 219,Pontianak,Kalimantan Barat,2021-06-02
CUS0514,Galih Hutapea,individual,galih.hutapea789@yahoo.com,085214066504,Jl. Ahmad Yani No. 92,Jakarta,DKI Jakarta,2023-11-18
CUS0515,Andi Maulana,individual,andi.maulana951@gmail.com,087271286391,Jl. Mawar No. 133,Surabaya,Jawa Timur,2022-06-21
CUS0516,PT Cahaya Abadi Indonesia,business,info@cahayaabadi74.co.id,061-8480659,Jl. Sudirman No. 255,Padang,Sumatera Barat,2020-07-30
CUS0517,Lina Siregar,individual,lina.siregar1@gmail.com,087425690877,Jl. Cendrawasih No. 207,Bandung,Jawa Barat,2020-10-31
CUS0518,Vina Sembiring,individual,vina.sembiring805@gmail.com,089306719855,Jl. Raya Bogor No. 156,Bandung,Jawa Barat,2024-01-30
CUS0519,PT Kencana Sari Indonesia,business,info@kencanasari47.co.id,0411-2349840,Jl. Mawar No. 149,Balikpapan,Kalimantan Timur,2022-03-31
CUS0520,PT Berkah Sejahtera,business,info@berkahsejahtera50.co.id,024-6014212,Jl. Margonda No. 200,Semarang,Jawa Tengah,2023-08-19
CUS0521,UD Citra Mandiri Logistic,business,info@citramandiri63.co.id,022-8348147,Jl. Pajajaran No. 98,Jakarta,DKI Jakarta,2020-08-06
CUS0522,PT Mitra Sejati,business,info@mitrasejati93.co.id,024-9207960,Jl. Imam Bonjol No. 33,Jakarta,DKI Jakarta,2020-10-13
CUS0523,Lina Hidayat,individual,lina.hidayat512@outlook.com,088005050613,Jl. Kebon Jeruk No. 268,Bandung,Jawa Barat,2023-01-12
CUS0524,Wati Wibowo,individual,wati.wibowo896@outlook.com,083931027079,Jl. Thamrin No. 125,Jakarta,DKI Jakarta,2022-07-27
CUS0525,Lina Santoso,individual,lina.santoso15@gmail.com,081417929111,Jl. Melati No. 113,Jakarta,DKI Jakarta,2023-12-07
CUS0526,PT Tunas Harapan Logistic,business,info@tunasharapan95.co.id,0274-6439759,Jl. Asia Afrika No. 295,Jakarta,DKI Jakarta,2020-05-09
CUS0527,Dimas Suryadi,individual,dimas.suryadi857@gmail.com,081925114262,Jl. Margonda No. 190,Surabaya,Jawa Timur,2023-01-22
CUS0528,Rizki Yuliana,individual,rizki.yuliana250@outlook.com,081219620710,Jl. Sudirman No. 92,Bandung,Jawa Barat,2023-02-07
CUS0529,UD Kencana Sari Trading,business,info@kencanasari54.co.id,0361-3128901,Jl. Merdeka No. 74,Jakarta,DKI Jakarta,2020-07-01
CUS0530,CV Nusantara Indah Niaga,business,info@nusantaraindah53.co.id,024-3928445,Jl. Cempaka No. 20,Semarang,Jawa Tengah,2023-08-03
CUS0531,PT Citra Mandiri Niaga,business,info@citramandiri79.co.id,022-6053293,Jl. Gajah Mada No. 215,Manado,Sulawesi Utara,2023-05-06
CUS0532,Tika Nugroho,individual,tika.nugroho197@gmail.com,089195883734,Jl. Thamrin No. 100,Bandung,Jawa Barat,2020-01-10
CUS0533,PT Tirta Bening Niaga,business,info@tirtabening64.co.id,031-3680321,Jl. Raya Bogor No. 23,Bandung,Jawa Barat,2020-08-18
CUS0534,UD Rejeki Lancar Trading,business,info@rejekilancar27.co.id,0274-5217486,Jl. Hayam Wuruk No. 233,Jakarta,DKI Jakarta,2020-04-20
CUS0535,PT Bumi Persada,business,info@bumipersada69.co.id,031-3651565,Jl. Sudirman No. 249,Malang,Jawa Timur,2020-03-29
CUS0536,PT Cahaya Abadi Group,business,info@cahayaabadi93.co.id,0361-6468907,Jl. Cendrawasih No. 102,Pekanbaru,Riau,2022-11-20
CUS0537,UD Putra Mandiri Logistic,business,info@putramandiri30.co.id,022-6471590,Jl. Veteran No. 51,Tangerang,Banten,2024-03-10
CUS0538,UD Tunas Harapan Group,business,info@tunasharapan49.co.id,024-2233623,Jl. Melati No. 300,Manado,Sulawesi Utara,2021-04-30
CUS0539,PT Putra Mandiri Mart,business,info@putramandiri19.co.id,024-8633480,Jl. Pahlawan No. 199,Makassar,Sulawesi Selatan,2022-09-19
CUS0540,Dimas Yuliana,individual,dimas.yuliana738@gmail.com,086435209042,Jl. Asia Afrika No. 239,Semarang,Jawa Tengah,2022-02-03
CUS0541,CV Berkah Sejahtera Logistic,business,info@berkahsejahtera29.co.id,061-3630468,Jl. Kebon Jeruk No. 88,Surabaya,Jawa Timur,2022-07-28
CUS0542,UD Permata Hijau Group,business,info@permatahijau12.co.id,0274-9753827,Jl. Melati No. 111,Surabaya,Jawa Timur,2023-03-29
CUS0543,Reza Pangestu,individual,reza.pangestu474@yahoo.com,081633569392,Jl. Mangga No. 3,Makassar,Sulawesi Selatan,2023-04-26
CUS0544,PT Sukses Mandiri Niaga,business,info@suksesmandiri94.co.id,021-8142021,Jl. Anggrek No. 202,Bogor,Jawa Barat,2022-05-05
CUS0545,UD Karya Bersama Indonesia,business,info@karyabersama58.co.id,0361-5035113,Jl. Gatot Subroto No. 286,Bandung,Jawa Barat,2022-09-08
CUS0546,PT Citra Mandiri Mart,business,info@citramandiri28.co.id,031-7013049,Jl. Pemuda No. 123,Surabaya,Jawa Timur,2024-03-22
CUS0547,Rina Pratama,individual,rina.pratama492@outlook.com,085279907726,Jl. Pahlawan No. 190,Balikpapan,Kalimantan Timur,2023-08-19
CUS0548,CV Citra Mandiri,business,info@citramandiri81.co.id,022-7457202,Jl. Margonda No. 171,Jakarta,DKI Jakarta,2023-07-07
CUS0549,Agus Hidayat,individual,agus.hidayat437@yahoo.com,089931950850,Jl. Asia Afrika No. 197,Jakarta,DKI Jakarta,2022-12-23
CUS0550,CV Mega Persada,business,info@megapersada47.co.id,0411-3940499,Jl. Kebon Jeruk No. 287,Palembang,Sumatera Selatan,2022-01-18
CUS0551,PT Garuda Mas Group,business,info@garudamas18.co.id,0411-5003592,Jl. Kenanga No. 59,Jakarta,DKI Jakarta,2023-12-14
CUS0552,CV Bumi Persada Group,business,info@bumipersada97.co.id,024-6376490,Jl. Gajah Mada No. 137,Pontianak,Kalimantan Barat,2023-08-22
CUS0553,UD Tunas Harapan Trading,business,info@tunasharapan7.co.id,022-7254777,Jl. Gajah Mada No. 232,Jakarta,DKI Jakarta,2022-10-28
CUS0554,UD Nusantara Indah Indonesia,business,info@nusantaraindah61.co.id,061-8582938,Jl. Cempaka No. 189,Jakarta,DKI Jakarta,2022-09-22
CUS0555,Yusuf Sembiring,individual,yusuf.sembiring964@gmail.com,084711624112,Jl. Ahmad Yani No. 58,Bandung,Jawa Barat,2023-10-10
CUS0556,Putri Maulana,individual,putri.maulana155@gmail.com,089046827567,Jl. Pajajaran No. 11,Jakarta,DKI Jakarta,2023-11-28
CUS0557,Fajar Saputra,individual,fajar.saputra23@gmail.com,089569557988,Jl. Mawar No. 235,Bandung,Jawa Barat,2021-08-20
CUS0558,Dani Santoso,individual,dani.santoso920@yahoo.com,083437540254,Jl. Mawar No. 86,Semarang,Jawa Tengah,2021-09-14
CUS0559,PT Citra Mandiri Trading,business,info@citramandiri24.co.id,031-3575047,Jl. Pahlawan No. 122,Medan,Sumatera Utara,2023-06-20
CUS0560,Agus Suryadi,individual,agus.suryadi589@gmail.com,088452380552,Jl. Gajah Mada No. 230,Pontianak,Kalimantan Barat,2020-08-27
CUS0561,PT Garuda Mas Trading,business,info@garudamas16.co.id,021-7787429,Jl. Melati No. 75,Jakarta,DKI Jakarta,2023-01-10
CUS0562,Joko Santoso,individual,joko.santoso5@outlook.com,089854749297,Jl. Hayam Wuruk No. 58,Tangerang,Banten,2022-07-27
CUS0563,CV Putra Mandiri,business,info@putramandiri18.co.id,022-6168761,Jl. Sudirman No. 206,Semarang,Jawa Tengah,2024-02-07
CUS0564,Hendra Yuliana,individual,hendra.yuliana366@gmail.com,086093983430,Jl. Gatot Subroto No. 276,Jakarta,DKI Jakarta,2023-06-18
CUS0565,UD Tirta Bening Indonesia,business,info@tirtabening66.co.id,0274-4262330,Jl. Melati No. 163,Malang,Jawa Timur,2022-07-01
CUS0566,Ramli Firmansyah,individual,ramli.firmansyah967@gmail.com,086626565045,Jl. Gajah Mada No. 158,Pontianak,Kalimantan Barat,2023-05-20
CUS0567,UD Cahaya Abadi Group,business,info@cahayaabadi94.co.id,0361-7972774,Jl. Mawar No. 148,Surabaya,Jawa Timur,2022-07-01
CUS0568,Doni Pranata,individual,doni.pranata435@outlook.com,087299123478,Jl. Hayam Wuruk No. 34,Medan,Sumatera Utara,2020-12-01
CUS0569,Anton Putri,individual,anton.putri91@gmail.com,087462879232,Jl. Imam Bonjol No. 149,Banjarmasin,Kalimantan Selatan,2023-04-24
CUS0570,CV Sukses Mandiri Trading,business,info@suksesmandiri75.co.id,061-9289630,Jl. Kenanga No. 238,Surabaya,Jawa Timur,2023-02-08
CUS0571,PT Inti Makmur,business,info@intimakmur20.co.id,061-6036006,Jl. Kebon Jeruk No. 242,Tangerang,Banten,2021-04-04
CUS0572,Lina Manurung,individual,lina.manurung915@yahoo.com,087273014719,Jl. Pajajaran No. 186,Semarang,Jawa Tengah,2020-09-11
CUS0573,CV Sejahtera Abadi Mart,business,info@sejahteraabadi34.co.id,0361-3006281,Jl. Gajah Mada No. 263,Jakarta,DKI Jakarta,2023-04-05
CUS0574,UD Maju Jaya Trading,business,info@majujaya21.co.id,021-3451774,Jl. Hayam Wuruk No. 237,Balikpapan,Kalimantan Timur,2024-02-10
CUS0575,Dimas Rahmawati,individual,dimas.rahmawati168@gmail.com,085565044818,Jl. Merdeka No. 94,Surabaya,Jawa Timur,2023-11-20
CUS0576,Bayu Simatupang,individual,bayu.simatupang771@gmail.com,089554451895,Jl. Diponegoro No. 7,Manado,Sulawesi Utara,2024-04-15
CUS0577,UD Bintang Timur Logistic,business,info@bintangtimur63.co.id,0274-6709506,Jl. Pahlawan No. 53,Bandung,Jawa Barat,2020-10-07
CUS0578,PT Nusantara Indah Group,business,info@nusantaraindah25.co.id,022-8001908,Jl. Mawar No. 40,Jakarta,DKI Jakarta,2021-03-22
CUS0579,PT Aneka Niaga,business,info@anekaniaga62.co.id,0411-6227335,Jl. Margonda No. 186,Banjarmasin,Kalimantan Selatan,2020-08-26
CUS0580,CV Putra Mandiri Logistic,business,info@putramandiri23.co.id,061-1482504,Jl. Pajajaran No. 61,Surabaya,Jawa Timur,2020-10-11
CUS0581,PT Permata Hijau Sentosa,business,info@permatahijau89.co.id,024-6157791,Jl. Diponegoro No. 108,Balikpapan,Kalimantan Timur,2021-03-31
CUS0582,PT Tunas Harapan Indonesia,business,info@tunasharapan10.co.id,021-9124448,Jl. Setiabudi No. 221,Semarang,Jawa Tengah,2020-09-23
CUS0583,PT Sinar Terang,business,info@sinarterang85.co.id,021-8869895,Jl. Asia Afrika No. 130,Jakarta,DKI Jakarta,2020-03-28
CUS0584,PT Bintang Timur,business,info@bintangtimur97.co.id,022-3076911,Jl. Cempaka No. 106,Semarang,Jawa Tengah,2020-03-29
CUS0585,Fajar Setiawan,individual,fajar.setiawan687@yahoo.com,081124955289,Jl. Veteran No. 259,Bandung,Jawa Barat,2023-04-18
CUS0586,PT Sinar Terang,business,info@sinarterang68.co.id,024-4213634,Jl. Pemuda No. 88,Palembang,Sumatera Selatan,2023-03-13
CUS0587,UD Maju Jaya Indonesia,business,info@majujaya28.co.id,0361-7148229,Jl. Margonda No. 95,Jakarta,DKI Jakarta,2024-03-24
CUS0588,UD Sinar Terang Sentosa,business,info@sinarterang46.co.id,0274-8115080,Jl. Merdeka No. 264,Jakarta,DKI Jakarta,2022-06-19
CUS0589,CV Sinar Terang Logistic,business,info@sinarterang16.co.id,0361-2850798,Jl. Anggrek No. 70,Bekasi,Jawa Barat,2021-04-11
CUS0590,CV Citra Mandiri Trading,business,info@citramandiri72.co.id,021-2379891,Jl. Hayam Wuruk No. 253,Bandung,Jawa Barat,2022-10-12
CUS0591,CV Bintang Timur Niaga,business,info@bintangtimur77.co.id,061-8448343,Jl. Veteran No. 284,Bogor,Jawa Barat,2020-08-24
CUS0592,Eko Wibowo,individual,eko.wibowo439@gmail.com,082752071678,Jl. Raya Bogor No. 44,Bekasi,Jawa Barat,2022-04-14
CUS0593,PT Mandiri Sentosa Mart,business,info@mandirisentosa89.co.id,022-3830705,Jl. Gatot Subroto No. 187,Medan,Sumatera Utara,2020-09-01
CUS0594,CV Mitra Sejati Mart,business,info@mitrasejati16.co.id,024-8125354,Jl. Pajajaran No. 256,Medan,Sumatera Utara,2021-02-11
CUS0595,UD Cendana Wangi Trading,business,info@cendanawangi97.co.id,0274-6974321,Jl. Melati No. 208,Jakarta,DKI Jakarta,2021-07-24
CUS0596,Tono Permana,individual,tono.permana151@yahoo.com,082147732010,Jl. Gatot Subroto No. 256,Makassar,Sulawesi Selatan,2022-09-19
CUS0597,PT Berkah Sejahtera Mart,business,info@berkahsejahtera78.co.id,0411-3562495,Jl. Pemuda No. 50,Surabaya,Jawa Timur,2023-10-20
CUS0598,Andi Manurung,individual,andi.manurung770@outlook.com,088734778485,Jl. Kenanga No. 280,Surabaya,Jawa Timur,2024-04-05
CUS0599,PT Tunas Harapan Indonesia,business,info@tunasharapan50.co.id,0361-6277427,Jl. Imam Bonjol No. 227,Jakarta,DKI Jakarta,2020-02-06
CUS0600,Agus Wijaya,individual,agus.wijaya182@outlook.com,085276246719,Jl. Raya Bogor No. 252,Jakarta,DKI Jakarta,2022-07-30
